announce_utc,basket_return
2012-01-25 19:00:00,0.00528197
2012-03-13 18:00:00,0.00189947
2012-04-25 18:00:00,0.00257134
2012-06-20 18:00:00,-0.00178212
2012-08-01 18:00:00,9.74e-06
2012-09-13 18:00:00,0.0051415
2012-10-24 18:00:00,0.00280281
2012-12-12 19:00:00,0.00442001
2013-01-30 19:00:00,0.00119616
2013-03-20 18:00:00,0.00266835
2013-05-01 18:00:00,-0.00079876
2013-06-19 18:00:00,0.00176791
2013-07-31 18:00:00,-0.00142765
2013-09-18 18:00:00,0.00149179
2013-10-30 18:00:00,0.00218758
2013-12-18 19:00:00,-0.00128532
2014-01-29 19:00:00,0.00163165
2014-03-19 18:00:00,1.184e-05
2014-04-30 18:00:00,0.00317725
2014-06-18 18:00:00,0.00116581
2014-07-30 18:00:00,-0.00379099
2014-09-17 18:00:00,-0.00203455
2014-10-29 18:00:00,0.00129585
2014-12-17 19:00:00,-0.00561392
2015-01-28 19:00:00,-0.00103198
2015-03-18 18:00:00,0.00402943
2015-04-29 18:00:00,0.00912832
2015-06-17 18:00:00,-0.00106519
2015-07-29 18:00:00,-0.00020956
2015-09-17 18:00:00,0.00034485
2015-10-28 18:00:00,0.00074225
2015-12-16 19:00:00,0.00237229
2016-01-27 19:00:00,0.00136471
2016-03-16 18:00:00,-0.00143139
2016-04-27 18:00:00,-0.00285552
2016-06-15 18:00:00,0.00131543
2016-07-27 18:00:00,-0.00117591
2016-09-21 18:00:00,0.00201438
2016-11-02 18:00:00,0.00587226
2016-12-14 19:00:00,-0.00018183
2017-02-01 19:00:00,-0.00459738
2017-03-15 18:00:00,0.00333842
2017-05-03 18:00:00,-0.00137778
2017-06-14 18:00:00,0.00618584
2017-07-26 18:00:00,-0.00112716
2017-09-20 18:00:00,0.00577444
2017-11-01 18:00:00,0.00079009
2017-12-13 19:00:00,0.00520237
2018-01-31 19:00:00,0.00203816
2018-03-21 18:00:00,0.00310912
2018-05-02 18:00:00,-0.00093819
2018-06-13 18:00:00,0.00298711
2018-08-01 18:00:00,-0.00204971
2018-09-26 18:00:00,0.00047786
2018-11-08 19:00:00,-0.00187603
2018-12-19 19:00:00,0.00167603
2019-01-30 19:00:00,-0.00022786
2019-03-20 18:00:00,-0.00130858
2019-05-01 18:00:00,0.00013987
2019-06-19 18:00:00,0.00287563
2019-07-31 18:00:00,0.00079481
2019-09-18 18:00:00,-0.00144876
2019-10-30 18:00:00,1.877e-05
2019-12-11 19:00:00,0.0024292
2020-01-29 19:00:00,-0.0007802
2020-04-29 18:00:00,0.00258505
2020-06-10 18:00:00,0.00319564
2020-07-29 18:00:00,0.00205968
2020-09-16 18:00:00,0.00162356
2020-11-05 19:00:00,0.00867847
2020-12-16 19:00:00,0.00030751
2021-01-27 19:00:00,-0.00428193
2021-03-17 18:00:00,-0.00317515
2021-04-28 18:00:00,0.00123061
2021-06-16 18:00:00,0.00102849
2021-07-28 18:00:00,-0.00126665
2021-09-22 18:00:00,0.00127214
2021-11-03 18:00:00,0.0010763
2021-12-15 19:00:00,-0.00147304
2022-01-26 19:00:00,-0.00081028
2022-03-16 18:00:00,0.00411273
2022-05-04 18:00:00,0.00093202
2022-06-15 18:00:00,0.00430346
2022-07-27 18:00:00,-0.00040196
2022-09-21 18:00:00,-0.00337061
2022-11-02 18:00:00,0.00086758
2022-12-14 19:00:00,0.00368408
2023-02-01 19:00:00,-0.00154727
2023-03-22 18:00:00,0.00203071
2023-05-03 18:00:00,0.00446549
2023-06-14 18:00:00,0.00662472
2023-07-26 18:00:00,-0.00125919
2023-09-20 18:00:00,0.00407964
2023-11-01 18:00:00,-0.00054779
2023-12-13 19:00:00,-0.00059213
2024-01-31 19:00:00,0.00153813
2024-03-20 18:00:00,-0.00094008
2024-05-01 18:00:00,-0.00125285
2024-06-12 18:00:00,0.00880849
2024-07-31 18:00:00,0.00230322
2024-09-18 18:00:00,0.0019871
2024-11-07 19:00:00,0.00658944
2024-12-18 19:00:00,-0.00236447
2025-01-29 19:00:00,-0.00161806
2025-03-19 18:00:00,-0.00538719
2025-05-07 18:00:00,-0.00280698
2025-06-18 18:00:00,0.00062887
2025-07-30 18:00:00,-0.00500091
2025-09-17 18:00:00,-0.00147329
2025-10-29 18:00:00,-0.00026015
2025-12-10 19:00:00,0.00202894
2026-01-28 19:00:00,-0.00120667
2026-03-18 18:00:00,-0.00328735
2026-04-29 18:00:00,-0.00382751
2026-06-17 18:00:00,-0.00155999
2026-07-29 18:00:00,-0.00127876
2026-09-16 18:00:00,-0.00090846
