date,Carry,Momentum,Low vol
2021-02-18,0.0,0.0,0.0
2021-02-19,0.00421581,0.04004277,0.00881069
2021-02-20,0.0174245,-0.02849727,0.00685245
2021-02-21,-0.04998485,0.0064058,-0.00187365
2021-02-22,0.00296893,-0.00117662,-0.03121607
2021-02-23,0.004539,0.0002235,-0.02498455
2021-02-24,0.00043953,-0.00169542,0.00056007
2021-02-25,0.0011247,-0.0007692,-0.00143506
2021-02-26,-0.00133763,-0.00039606,0.00099625
2021-02-27,-0.00357222,-0.00256915,0.00054827
2021-02-28,0.00248995,0.00112404,0.00599261
2021-03-01,0.00133884,0.00080571,-0.00015034
2021-03-02,0.00270683,-0.00118945,0.00297072
2021-03-03,0.00064859,-0.00056994,-0.00290642
2021-03-04,0.01070469,-0.00292337,0.00409085
2021-03-05,-0.00230503,-0.00223633,-0.00360266
2021-03-06,0.0029668,-0.00545742,0.00415179
2021-03-07,-0.00141446,0.00111511,-0.00091012
2021-03-08,0.00182683,0.00469926,-0.00250072
2021-03-09,-0.00114191,-0.00686071,0.0002617
2021-03-10,0.00818623,0.00832843,-3.964e-05
2021-03-11,0.00369492,0.00711874,-0.01225176
2021-03-12,0.00020735,0.00140878,0.00605961
2021-03-13,0.00171941,-0.00447071,0.00549861
2021-03-14,0.00127354,0.000385,-0.00137796
2021-03-15,-0.00379532,-0.00159319,-0.00678964
2021-03-16,-0.00545566,-0.00153332,-0.00390989
2021-03-17,0.00052703,0.00690989,-0.00468977
2021-03-18,0.00578039,-0.00235433,-0.00220314
2021-03-19,-0.0024098,-0.00160189,-0.00299446
2021-03-20,-0.0005201,-0.01041878,0.00686679
2021-03-21,0.00136071,0.00856265,-0.00429109
2021-03-22,-0.00334664,0.00053712,0.00259333
2021-03-23,-0.004898,0.00788583,0.00359166
2021-03-24,0.00542677,-0.00149507,-0.00121054
2021-03-25,-0.00166374,0.00299077,0.00061879
2021-03-26,0.00252882,0.00062526,-0.00225314
2021-03-27,0.00084017,-0.00178721,-0.00318789
2021-03-28,0.00397347,0.00466637,-0.00156975
2021-03-29,0.00161942,-0.0003979,0.00116994
2021-03-30,0.00718086,-0.00192325,-0.00263287
2021-03-31,0.02693935,0.01305861,0.02355422
2021-04-01,-0.00127431,-0.00963836,0.00277858
2021-04-02,0.0031859,-0.00146219,0.00528958
2021-04-03,0.00449381,0.00326901,-0.00017916
2021-04-04,0.00636174,0.00888933,-0.00790706
2021-04-05,-0.00533169,0.00415119,0.01525286
2021-04-06,0.00963437,0.00419502,0.00204064
2021-04-07,0.00525159,-0.00104107,-0.00042557
2021-04-08,-0.00439316,0.00236628,-0.00589617
2021-04-09,-0.00237828,-0.00503437,-0.00081823
2021-04-10,0.00059337,0.01357649,0.002872
2021-04-11,0.00232042,-0.00409005,0.00477755
2021-04-12,0.0102822,-0.00740692,0.00125768
2021-04-13,-0.00585528,0.00735133,0.00156449
2021-04-14,-0.00111355,0.00137484,0.00417387
2021-04-15,0.00687227,0.00614348,-0.00055505
2021-04-16,0.00503143,0.02825628,-0.00528022
2021-04-17,-0.00385388,-0.00420087,0.00723369
2021-04-18,0.02205781,0.01068338,0.00233004
2021-04-19,0.0160143,0.00521709,-0.00659203
2021-04-20,-0.00672125,-0.0025734,0.00839357
2021-04-21,0.00755926,0.00078771,-0.00458916
2021-04-22,0.00798102,0.00120371,0.00307242
2021-04-23,-0.00493389,-0.0016233,-0.00415183
2021-04-24,0.00565576,0.00349864,-0.00553726
2021-04-25,-0.00127704,-0.00024653,0.00356934
2021-04-26,0.00716833,-0.00930808,-0.00123464
2021-04-27,-0.00098122,-0.0037417,-0.00660322
2021-04-28,0.0005217,0.0044316,-0.00473644
2021-04-29,-0.00124964,-0.00270073,0.00188503
2021-04-30,0.00562532,-0.00379765,-0.00727598
2021-05-01,0.0014803,0.00433152,-0.00286812
2021-05-02,-0.00094265,0.00041319,-5.84e-06
2021-05-03,0.00828862,-0.00010097,0.00689181
2021-05-04,0.00801897,0.0032012,0.00492842
2021-05-05,0.00683018,-0.0061092,0.0017601
2021-05-06,0.0175525,-0.00179448,-0.004841
2021-05-07,-0.00241037,-0.00640592,0.00016135
2021-05-08,0.00418162,0.00156222,-0.00012001
2021-05-09,-0.00126648,0.00314203,0.00358237
2021-05-10,0.00320636,-0.00017055,0.00844277
2021-05-11,-0.00651312,0.00975251,-0.01265952
2021-05-12,0.00422748,-0.00993235,0.00539087
2021-05-13,-0.00128216,0.0037159,0.00211342
2021-05-14,0.01091596,0.00546853,-0.00900756
2021-05-15,-0.00314632,-0.00081113,-0.00536199
2021-05-16,0.00030895,-0.00018466,-0.00106423
2021-05-17,-0.00372017,-0.00024963,-0.00589146
2021-05-18,-2.725e-05,0.0096721,-0.0043192
2021-05-19,-0.00541486,-0.00236843,-0.01189654
2021-05-20,0.01286032,-0.00463669,0.00254472
2021-05-21,-0.00243974,-0.00099483,-0.00734783
2021-05-22,-0.00220363,-0.00617078,0.00474078
2021-05-23,-0.00295786,0.00081961,-0.00261463
2021-05-24,0.00675532,0.00131815,0.0076206
2021-05-25,0.00174739,-0.00074471,-0.00010312
2021-05-26,0.00407771,-0.0057399,0.00094955
2021-05-27,-0.00211015,-0.00147163,-0.00098666
2021-05-28,-0.00246981,-0.00422779,0.0032213
2021-05-29,0.00284039,0.0011649,-0.00244956
2021-05-30,-0.00080455,0.00303676,0.00141052
2021-05-31,-0.00604193,0.0004721,0.00510925
2021-06-01,0.0026808,-0.0016003,0.00029486
2021-06-02,0.0010685,-0.00523627,0.00094342
2021-06-03,-0.00491117,-0.00213784,0.00883799
2021-06-04,0.00152758,0.00034879,-0.00034955
2021-06-05,-0.00055139,0.00193595,0.00092244
2021-06-06,-0.00044807,-0.00485886,-0.00073913
2021-06-07,-0.00098705,0.00256771,0.00265527
2021-06-08,0.00235991,0.00440451,0.00165969
2021-06-09,0.00108875,-0.0026521,0.00483396
2021-06-10,0.00067035,0.00035906,0.00341219
2021-06-11,-5.942e-05,-0.0003657,0.00212384
2021-06-12,-0.00271599,0.00108419,0.00555565
2021-06-13,0.00205962,-0.00300958,-0.00165066
2021-06-14,-0.00197953,-0.00123016,-0.00496168
2021-06-15,0.00396522,-0.00074036,-0.00680385
2021-06-16,-0.00250471,0.00440728,-0.00193296
2021-06-17,0.00437443,-0.00046183,0.00285496
2021-06-18,-0.00326884,0.00020838,0.00013911
2021-06-19,0.00228574,0.00185744,-0.00168071
2021-06-20,-0.00235349,-0.00136648,-0.00391513
2021-06-21,0.0020103,0.0028562,0.00362538
2021-06-22,-0.00057226,-0.0043112,-0.00259102
2021-06-23,0.01165643,-0.00931963,-0.00094685
2021-06-24,0.00287479,-0.00831884,0.00905791
2021-06-25,0.00391127,0.00077646,0.00717454
2021-06-26,0.00292872,0.0005131,-0.0052778
2021-06-27,0.00104167,0.00055499,-0.00227005
2021-06-28,-0.00861739,-0.01136947,-0.00398831
2021-06-29,0.01147025,-0.00655058,-0.00056204
2021-06-30,-0.00107276,-0.00423922,0.00101006
2021-07-01,0.0035389,0.00292113,0.00319691
2021-07-02,-0.00058902,0.00036809,0.0024386
2021-07-03,0.00131925,-0.00012618,-0.00372452
2021-07-04,-0.00175377,0.00148608,0.00214329
2021-07-05,0.00027602,0.00750001,-0.00254612
2021-07-06,-0.00317202,-0.00525038,-0.01499239
2021-07-07,0.00248198,-0.00425626,-0.01401756
2021-07-08,0.00119746,-0.00540362,0.01174241
2021-07-09,-0.00280847,0.00108259,0.00132877
2021-07-10,0.00275998,0.00502553,0.001279
2021-07-11,0.0010195,0.00287124,-0.00391271
2021-07-12,0.00092878,-0.00209694,0.00450977
2021-07-13,0.0108748,0.00187657,0.00164618
2021-07-14,0.00594369,0.00307335,-0.00226794
2021-07-15,0.0044674,0.00723184,0.00475447
2021-07-16,0.00242499,0.00037829,0.00977435
2021-07-17,-0.00706373,-0.00783409,-0.00238093
2021-07-18,0.00337928,-0.0012941,0.00330477
2021-07-19,0.00344762,0.00134401,0.00533684
2021-07-20,-0.00335522,-0.00043405,0.00451044
2021-07-21,0.00951827,-0.00405611,-0.01942696
2021-07-22,-0.00405327,0.00842218,0.00152206
2021-07-23,0.02294931,0.01818531,-0.01548011
2021-07-24,-0.00013391,-0.00383848,0.00365583
2021-07-25,-0.00067704,0.0025759,-0.0012158
2021-07-26,-0.00166193,-0.00952372,0.00202291
2021-07-27,0.00134018,0.00176188,-0.00057929
2021-07-28,-0.00079082,-0.00580374,0.0027623
2021-07-29,-0.00413637,-0.00660593,-0.00350486
2021-07-30,-0.00646385,-0.0017447,-0.00058186
2021-07-31,-0.00493393,-0.00283458,-0.00077612
2021-08-01,0.00746016,-0.00084132,0.00276072
2021-08-02,-0.00169505,0.00421089,-0.00410937
2021-08-03,0.00395738,0.00320531,0.00100959
2021-08-04,3.439e-05,-0.00127559,-0.00633675
2021-08-05,-0.0068542,-0.00249685,-0.00242825
2021-08-06,-0.00309741,0.00070244,0.00216901
2021-08-07,-0.00766048,-0.00837765,0.00538468
2021-08-08,0.00780548,0.00026267,0.00388937
2021-08-09,-0.0040289,0.00155485,6.294e-05
2021-08-10,0.00676296,-0.01149427,-0.01436286
2021-08-11,8.539e-05,-0.00479621,0.00481377
2021-08-12,0.00020743,1.12e-05,-0.00139168
2021-08-13,-0.00057309,0.00106905,0.00422043
2021-08-14,-0.00137634,0.00397544,0.01061662
2021-08-15,-0.00969512,-0.0070957,-0.00424343
2021-08-16,0.01046127,-0.01269799,-0.00714718
2021-08-17,0.00404428,0.00195395,-0.00731912
2021-08-18,-0.00341956,0.0196001,-0.00338438
2021-08-19,-0.0006737,0.00142078,0.00166193
2021-08-20,-0.00339258,0.00142535,-0.00243684
2021-08-21,-0.00586677,-0.00019156,-0.00530901
2021-08-22,0.00010602,-0.00269313,-0.00078008
2021-08-23,-0.0026125,-0.00070263,0.00411181
2021-08-24,-0.00448839,0.00482902,-0.00367994
2021-08-25,0.00759049,-0.00440719,0.00552752
2021-08-26,0.00544597,-0.00282569,0.00403354
2021-08-27,-0.0065615,0.01291332,-0.00989503
2021-08-28,0.00582134,0.0075345,-0.0038456
2021-08-29,-0.00596852,0.00455038,-0.00531651
2021-08-30,0.01194942,0.0055852,-0.00493167
2021-08-31,0.01254279,-0.01238974,0.00814038
2021-09-01,-0.00290599,-0.00109231,0.00021632
2021-09-02,0.00092918,0.00266143,-0.00154283
2021-09-03,0.00355331,0.00148741,0.00557247
2021-09-04,-0.00648901,-0.00737461,-0.00268011
2021-09-05,0.00484188,-0.00125358,0.00516727
2021-09-06,-0.00157317,0.00186194,-0.00155008
2021-09-07,0.00487157,0.00921139,-0.00704806
2021-09-08,-0.00324611,0.00583493,-0.0059936
2021-09-09,-0.00251063,-0.0015519,-0.00886058
2021-09-10,-0.01367367,-0.00371475,-0.01138983
2021-09-11,0.00217464,-0.00329312,0.00140293
2021-09-12,0.00065827,0.00492925,6.385e-05
2021-09-13,-0.00189048,-0.00062568,0.00489008
2021-09-14,0.00703691,-0.01202133,0.00794783
2021-09-15,-0.00190967,-0.00379823,-0.00447019
2021-09-16,-0.00489251,0.00206697,-0.00522552
2021-09-17,0.00251691,-0.00714389,0.00384294
2021-09-18,-0.00888936,0.00684356,-0.00584288
2021-09-19,0.00032812,0.00158594,-0.00273226
2021-09-20,0.00799732,-0.00508756,0.01581349
2021-09-21,0.00160669,-0.00128987,0.00606632
2021-09-22,-0.00771754,0.00383974,-0.01658922
2021-09-23,0.00119809,0.00380423,-0.00912841
2021-09-24,0.00110896,0.00350584,-0.00275115
2021-09-25,0.00078712,-0.00365248,0.00318043
2021-09-26,-0.00535825,-0.00919592,0.00241989
2021-09-27,0.00233679,0.00230431,-0.00123892
2021-09-28,0.00402043,-0.00313235,0.00190931
2021-09-29,-0.00296585,-0.00257259,0.00282599
2021-09-30,-0.00182184,-0.00154226,-0.00070943
2021-10-01,0.00690946,0.00167848,-0.002054
2021-10-02,-0.00359572,0.00056892,0.00065618
2021-10-03,0.00325863,0.00525477,-0.00671314
2021-10-04,0.00258959,0.00024262,0.00022261
2021-10-05,-0.00070853,-0.00412451,0.00718715
2021-10-06,0.01002653,0.00330663,0.00637338
2021-10-07,-0.00397567,-0.00719975,-0.00761163
2021-10-08,-0.00936447,-0.00419187,-0.00477309
2021-10-09,0.0036175,0.00064549,0.00559054
2021-10-10,0.00289504,0.00149889,0.00334021
2021-10-11,0.00619618,0.00777776,0.00208035
2021-10-12,0.00272805,-0.00706357,-0.00162748
2021-10-13,0.0049244,0.00300675,0.0056558
2021-10-14,0.00082772,-0.00227132,-0.00291509
2021-10-15,-1.346e-05,0.00341634,0.0065952
2021-10-16,-0.00010393,0.00038665,-0.00201645
2021-10-17,0.00061911,0.00509709,-3.918e-05
2021-10-18,0.00293259,0.00095136,0.00141846
2021-10-19,-0.0028471,-0.00061228,-0.0014091
2021-10-20,-0.00188773,-0.00165148,-0.00038509
2021-10-21,0.00529926,-0.00164768,-0.00281349
2021-10-22,-0.00034101,-0.00637926,-0.01001855
2021-10-23,0.00218138,0.00558653,0.00363879
2021-10-24,0.00591797,0.00705417,-0.00332738
2021-10-25,0.00162732,0.01217452,-0.00907185
2021-10-26,-0.01140724,-0.00636621,-0.00243188
2021-10-27,0.01321248,0.01070597,-0.0015547
2021-10-28,-0.00160904,-0.00174007,0.00165118
2021-10-29,-0.00089352,-0.00871849,0.00135423
2021-10-30,0.00281688,-0.00806837,0.00200125
2021-10-31,-0.00271292,-0.00277479,0.00107115
2021-11-01,0.00745222,0.00034859,-0.00066289
2021-11-02,0.00307478,-0.00271606,0.00456812
2021-11-03,-0.0018162,-0.00324481,0.00293009
2021-11-04,0.0003702,-0.00064887,-0.00048697
2021-11-05,0.00142145,-0.00444711,0.00398977
2021-11-06,0.00344748,0.00598994,-0.0024318
2021-11-07,0.00316053,0.00052207,-0.00074658
2021-11-08,-0.01120704,-0.00237025,0.01031256
2021-11-09,0.00797104,-0.00446697,0.01580161
2021-11-10,0.00244026,0.00367761,0.00470173
2021-11-11,0.0001294,-0.00178439,-0.00681757
2021-11-12,-0.00354397,-0.00160491,-0.00481357
2021-11-13,0.00369139,0.00216051,-0.00107822
2021-11-14,-0.00042099,0.00402738,0.00201294
2021-11-15,-0.00253193,0.00194219,0.00075995
2021-11-16,8.474e-05,0.00087502,-0.00377278
2021-11-17,-0.00231387,-0.00297169,-0.00557332
2021-11-18,-0.01319629,0.01276915,-0.00634035
2021-11-19,0.00013646,-0.00510246,-0.0069521
2021-11-20,2.405e-05,0.00423068,0.00035387
2021-11-21,0.00697175,0.00079189,0.00291947
2021-11-22,-0.00284276,0.01462788,-0.01214578
2021-11-23,0.000302,0.01193959,-0.01241618
2021-11-24,0.00664709,0.01519376,-0.01519044
2021-11-25,0.00770418,-0.00562027,0.0043737
2021-11-26,0.00511919,-0.00635326,0.00359808
2021-11-27,0.00130771,-0.00322353,0.00266097
2021-11-28,-0.00413675,0.00196549,-0.00273634
2021-11-29,-0.00693367,-0.00484881,0.00246818
2021-11-30,0.00295335,-5.559e-05,0.00144277
2021-12-01,0.00306276,0.00376935,0.00046965
2021-12-02,0.00241407,-0.00351734,0.00389914
2021-12-03,-0.00454985,-0.0052157,0.00287487
2021-12-04,-0.00202263,0.00814503,-0.00220599
2021-12-05,0.00482382,0.00360123,0.00907623
2021-12-06,0.00108359,4.757e-05,-0.00212678
2021-12-07,0.00546753,-0.00240055,-0.00079956
2021-12-08,-0.00458817,-0.0019131,0.00167817
2021-12-09,-0.00126841,0.00322464,0.0017453
2021-12-10,-0.00305233,-0.00029673,0.00202246
2021-12-11,-0.00283906,0.00037772,-0.00054306
2021-12-12,0.00417557,-0.00243626,-0.0041787
2021-12-13,0.00817891,-0.00136484,0.00680048
2021-12-14,0.00420128,0.00034556,8.497e-05
2021-12-15,-0.00287495,-0.00411158,-0.00388714
2021-12-16,-0.00075373,-0.00066443,-0.00273167
2021-12-17,0.00797435,0.00348788,-0.00415564
2021-12-18,-0.00218771,0.00348526,-0.00298621
2021-12-19,0.00083837,0.00441819,0.00115052
2021-12-20,9.036e-05,0.00339403,0.00246732
2021-12-21,-0.00134006,0.00518433,-0.01017734
2021-12-22,-0.00033738,-0.00083133,-0.00867568
2021-12-23,-0.01321104,-0.00321483,-0.0129099
2021-12-24,0.00951868,-0.00137048,-0.00692617
2021-12-25,0.00363259,0.0047628,-0.00685444
2021-12-26,-0.00873501,0.00631208,-0.00418401
2021-12-27,-0.01021422,-0.01453335,0.00818468
2021-12-28,0.00515773,0.00117283,0.0017726
2021-12-29,-0.00230243,0.00739894,-0.00258188
2021-12-30,-0.00151269,0.00424863,0.00038274
2021-12-31,8.992e-05,0.00027626,-0.00399771
2022-01-01,-0.00086127,0.00904322,-0.00481519
2022-01-02,5.47e-05,-0.00463208,0.00250306
2022-01-03,0.00322923,0.01421683,-0.00433843
2022-01-04,-0.00907671,0.0006527,-0.0033271
2022-01-05,-0.00463704,0.00184727,0.00448841
2022-01-06,-0.0028216,0.00286374,-0.00529257
2022-01-07,-0.00507895,0.00154443,0.00510726
2022-01-08,-0.00488713,-0.00365642,0.00656236
2022-01-09,-0.00536267,0.00097404,-0.00224438
2022-01-10,0.00185301,0.00454164,0.00129594
2022-01-11,0.01537605,0.00273724,-0.00599027
2022-01-12,0.00382107,-0.00307893,-0.00160807
2022-01-13,0.00817078,0.00315835,-0.00146306
2022-01-14,0.00539986,0.00166609,0.0020049
2022-01-15,0.00220845,-0.00250838,-0.00051757
2022-01-16,-0.00136825,0.00250899,-0.00252489
2022-01-17,-0.00607269,-0.00129903,0.00750938
2022-01-18,0.00326326,0.00044067,0.00375391
2022-01-19,0.00062244,-0.00479596,0.00407404
2022-01-20,0.00050021,0.00316328,0.00046052
2022-01-21,-0.00085507,0.00387201,0.00331188
2022-01-22,0.00780762,0.00140349,0.010063
2022-01-23,0.00032261,0.0054193,-0.00521892
2022-01-24,-0.00333825,-0.00179045,0.00284642
2022-01-25,0.0007598,-0.00746963,-0.00554925
2022-01-26,-0.00535281,-0.00749818,0.00240498
2022-01-27,0.00207537,-0.01028649,0.0066581
2022-01-28,-0.00352014,-0.00762657,0.00178238
2022-01-29,0.00824056,-0.00189447,-0.00204462
2022-01-30,0.00649884,-0.00201728,-0.00102919
2022-01-31,0.00816143,-0.00052515,-0.00454363
2022-02-01,-0.00925203,-0.00593053,0.00260622
2022-02-02,-0.00681217,-0.0007347,0.00478213
2022-02-03,0.00019465,-0.00265286,0.00210397
2022-02-04,-0.00294136,-0.00034575,0.00135688
2022-02-05,0.00758211,-0.00167688,-0.00372674
2022-02-06,0.0145978,-0.00613305,-0.00959153
2022-02-07,-0.00899228,-0.00700699,0.00889794
2022-02-08,0.00220417,0.01426197,0.00318598
2022-02-09,0.00132353,-0.00315807,0.00121122
2022-02-10,0.00160659,0.00870307,0.00696122
2022-02-11,-0.00180543,0.00547079,0.00377043
2022-02-12,-0.0049818,0.00069106,-0.00147277
2022-02-13,0.00071877,0.00090206,0.00417199
2022-02-14,-0.00049814,-0.00723816,-0.00325473
2022-02-15,0.00163847,-0.00320046,-0.00480691
2022-02-16,-0.00199859,-0.00036525,-0.00138852
2022-02-17,0.00242502,-0.00103887,-0.00271657
2022-02-18,-0.00102217,0.00034075,0.0013349
2022-02-19,-0.00227958,-0.00046533,0.0020873
2022-02-20,0.00129229,0.00433642,0.0030139
2022-02-21,-0.00155669,0.00541648,-0.00019079
2022-02-22,0.00171012,0.00078148,-0.00080832
2022-02-23,-0.00519265,0.00778368,-0.00157239
2022-02-24,0.00039888,0.00536508,0.00418434
2022-02-25,-0.0075482,-0.0020822,-0.00416141
2022-02-26,-0.00156448,0.00147731,0.00561695
2022-02-27,-0.0024514,-0.00519973,-0.00462509
2022-02-28,0.00261513,-0.00034256,0.00336747
2022-03-01,0.02706998,0.0033428,-0.0082291
2022-03-02,0.0011252,-0.00035814,-0.00024447
2022-03-03,-0.00016265,0.00565187,-0.00051904
2022-03-04,0.00398388,-5.799e-05,-0.00893494
2022-03-05,-0.0021031,-0.0012705,0.0009231
2022-03-06,0.00135898,-0.00044027,0.00340245
2022-03-07,-0.00388136,-0.00137715,0.00069336
2022-03-08,-0.00450221,-0.00805571,0.006775
2022-03-09,-0.00342665,0.01147341,-0.00216122
2022-03-10,0.0034349,-0.00116064,-0.00505183
2022-03-11,0.00227404,0.00315201,0.00263221
2022-03-12,3.391e-05,0.0052038,-0.00227197
2022-03-13,0.00155724,-0.00164568,-0.00292001
2022-03-14,-0.00031236,0.00561313,0.00053844
2022-03-15,-0.00465161,0.00253936,-0.00010492
2022-03-16,0.00128438,0.0021096,0.00191394
2022-03-17,-0.0014989,0.00213576,-0.0026594
2022-03-18,0.00231676,0.00291544,-0.00039144
2022-03-19,-0.00078713,-0.01483276,0.00961298
2022-03-20,0.00230733,0.00403962,0.00911793
2022-03-21,-0.00993254,0.00030064,0.00717086
2022-03-22,0.00140982,0.00705654,0.01417143
2022-03-23,9.45e-06,-0.00727604,-0.00316899
2022-03-24,-0.00296584,-0.00300422,-0.00281483
2022-03-25,0.01275631,-0.0020639,-0.00453953
2022-03-26,-0.00324749,-0.00581044,-0.0039135
2022-03-27,-0.00977267,-0.00248641,0.00436164
2022-03-28,-0.00037216,-0.0040154,0.00146227
2022-03-29,-0.006343,-0.01151581,-0.0079669
2022-03-30,-0.00149061,-0.00180781,0.00043024
2022-03-31,-0.00468386,0.0064745,-0.00939553
2022-04-01,-0.00450612,0.00051214,-0.00944947
2022-04-02,0.00564937,-0.00408399,0.00281949
2022-04-03,-0.00387137,-0.00599535,0.00100649
2022-04-04,-0.00323476,0.00066172,0.00495997
2022-04-05,0.01059413,-0.01624938,0.00776285
2022-04-06,0.0152779,-0.01429597,0.01101903
2022-04-07,-0.00306442,-0.00101633,-0.00232756
2022-04-08,0.00654235,-0.00571833,0.00848396
2022-04-09,-0.00264618,0.00170212,-0.00321914
2022-04-10,0.00379326,0.00103802,0.00411387
2022-04-11,0.00571776,-0.00220568,0.00226086
2022-04-12,-0.00485898,0.00317629,0.00010894
2022-04-13,-0.00483746,-0.00011544,-0.00236901
2022-04-14,0.00038725,0.00264605,-0.00151903
2022-04-15,3.632e-05,-0.00207728,0.00219201
2022-04-16,-0.00071257,-0.00385596,0.00450618
2022-04-17,0.00719935,0.00173503,0.0008111
2022-04-18,0.00103691,-0.0012322,0.0060546
2022-04-19,-0.00555813,-0.00574405,-0.0050322
2022-04-20,-0.00012745,0.00434768,-0.00290976
2022-04-21,0.00284059,-0.00335926,-0.00101306
2022-04-22,0.00623674,-0.00449263,-0.00087471
2022-04-23,0.00909396,0.010592,-0.00627029
2022-04-24,0.00079699,-0.0059296,0.00348914
2022-04-25,0.00169796,0.00181399,0.00231972
2022-04-26,0.00565102,-0.00280125,0.00414909
2022-04-27,-0.00322012,-0.00088277,-0.00268067
2022-04-28,-0.00041315,0.00087197,0.00450607
2022-04-29,0.00644401,0.00300573,0.00677493
2022-04-30,0.00923739,0.00544446,0.01818614
2022-05-01,-0.00129336,-0.00627004,-0.00149621
2022-05-02,0.00505219,0.00321866,0.00287792
2022-05-03,-0.00084333,-0.00421199,0.00310589
2022-05-04,-0.00207947,-0.01673961,-0.02813287
2022-05-05,0.00061279,0.00551264,0.01461931
2022-05-06,-0.00502129,0.00293263,0.00190155
2022-05-07,-0.00394802,0.00259045,0.00333228
2022-05-08,0.00204497,0.00520533,-0.00177607
2022-05-09,9.36e-05,0.00988438,0.00419014
2022-05-10,-0.02548465,0.00303194,0.01379088
2022-05-11,-0.02935683,0.02469389,0.04326886
2022-05-12,-0.02587786,0.02030621,0.02089679
2022-05-13,-9.794e-05,-0.00376648,-0.00432534
2022-05-14,0.00335899,0.00112008,-0.00360003
2022-05-15,0.00376888,-0.00132356,0.00028927
2022-05-16,-0.00184569,-0.00110415,0.00358871
2022-05-17,0.00064612,-0.00606627,-0.00315902
2022-05-18,0.00442005,0.00174477,0.00021091
2022-05-19,-0.00032945,0.00522358,-0.00089527
2022-05-20,0.00082212,0.00124378,2.744e-05
2022-05-21,0.00351778,-0.00069663,-0.00318444
2022-05-22,-0.00302707,-0.00156449,0.00112248
2022-05-23,-0.00255084,-3.839e-05,0.00290185
2022-05-24,-0.00408978,0.00184099,0.00297431
2022-05-25,-0.00011,0.00321599,0.00113846
2022-05-26,-0.00599412,0.0028813,0.00270324
2022-05-27,-0.00150288,0.0007697,0.00301008
2022-05-28,0.00274499,-0.00221674,-0.00202618
2022-05-29,0.00019905,-0.00298486,-0.00053264
2022-05-30,0.01497404,-0.01753819,-0.00610362
2022-05-31,0.00528711,-0.00423299,-0.00161012
2022-06-01,-0.00043247,0.0047582,0.00079437
2022-06-02,0.00021251,-0.00124991,-0.00220561
2022-06-03,-0.00023377,0.00179938,0.00104824
2022-06-04,-0.00181819,-0.00401913,0.00086902
2022-06-05,-0.00040311,-0.00194601,0.00117482
2022-06-06,0.00456286,-0.00100464,-0.00636106
2022-06-07,0.01014134,0.00126127,-0.00370773
2022-06-08,-0.00679234,-0.00175829,0.00279919
2022-06-09,0.00115046,0.00242702,-0.00147655
2022-06-10,-0.00119637,-0.00403698,0.00105015
2022-06-11,-0.00113057,0.00404034,-0.00055326
2022-06-12,-0.00472597,-0.00062543,0.0024419
2022-06-13,0.00101771,0.00711591,-0.01821865
2022-06-14,-0.00389461,0.00014671,-0.00253472
2022-06-15,0.00781616,0.00570308,-0.0030467
2022-06-16,-0.0027452,-0.00216397,0.00263402
2022-06-17,-0.00075797,-0.00091434,-0.00073893
2022-06-18,0.00076016,0.00541482,0.00084636
2022-06-19,-0.00060919,-0.0083378,0.00387557
2022-06-20,0.01105215,0.00498407,-0.00873246
2022-06-21,0.00882518,-0.00320233,-0.00136473
2022-06-22,0.00318887,0.00051106,-0.00271434
2022-06-23,0.00190545,-0.00578396,-0.00646777
2022-06-24,0.00379907,0.00212048,-0.00095302
2022-06-25,-0.00489757,0.00400182,-0.00030084
2022-06-26,-0.0017489,-0.00811254,0.00633239
2022-06-27,0.00113958,-0.00287737,1.882e-05
2022-06-28,-0.00052056,-0.00435852,0.00040652
2022-06-29,-0.00375207,-0.00370744,0.00247556
2022-06-30,0.00446053,0.00082192,0.00774795
2022-07-01,0.00131498,0.00031583,0.00088045
2022-07-02,0.00155401,-0.00661338,-0.0062848
2022-07-03,-0.00216515,-0.00132198,0.00282426
2022-07-04,0.00033924,0.00418572,0.00038456
2022-07-05,0.00050146,0.00472565,-0.00026117
2022-07-06,-0.00123909,-0.0013285,-0.00116649
2022-07-07,0.00169255,-0.00346094,0.00042954
2022-07-08,-0.00584397,0.00189008,-0.00047447
2022-07-09,-0.00239132,0.00077518,0.00104191
2022-07-10,-0.0035765,0.00078833,-0.00350515
2022-07-11,0.00226445,-0.00031943,0.00212573
2022-07-12,-0.0001602,6.777e-05,-0.00159847
2022-07-13,-0.00287624,0.03016697,-0.00177349
2022-07-14,0.00228759,0.00785577,-0.00049174
2022-07-15,0.00098307,-0.00230108,0.00325165
2022-07-16,-0.00376149,0.00289577,0.00528479
2022-07-17,-0.00094567,-0.00346618,0.00627156
2022-07-18,-0.00674283,0.01712063,-0.0018932
2022-07-19,0.00707919,-0.00915019,0.0032671
2022-07-20,-0.00619288,0.00032361,0.00531436
2022-07-21,0.00320793,0.00695633,-0.00875005
2022-07-22,-0.00732803,-0.00032315,-0.00069742
2022-07-23,0.00559315,-0.0062529,0.00168884
2022-07-24,-0.00475148,0.00503915,0.00632498
2022-07-25,-0.00049908,-0.0038967,-0.0001759
2022-07-26,0.00297204,-0.00100429,0.00054053
2022-07-27,0.00340599,0.00983214,0.0018513
2022-07-28,-0.00437805,0.0068193,0.00270135
2022-07-29,-0.00715412,-0.00445895,-0.01100878
2022-07-30,-0.00856384,-0.00895111,0.01111613
2022-07-31,-0.00801317,0.00150228,3.577e-05
2022-08-01,0.00415267,-0.00836468,-0.00845208
2022-08-02,0.00376354,0.00187958,-0.00064536
2022-08-03,-0.00035199,0.000588,0.00174955
2022-08-04,0.00582812,-0.00287258,0.00231307
2022-08-05,0.00120086,0.00084647,-0.00454616
2022-08-06,-0.00155124,0.00209521,-0.00575076
2022-08-07,-0.00088377,-0.00205264,0.00644167
2022-08-08,0.00732895,-0.00206205,0.00482618
2022-08-09,-0.00215341,0.00421779,-0.00481725
2022-08-10,-0.00019904,-0.00107539,0.00122661
2022-08-11,-0.00347721,-0.00478716,-0.00039594
2022-08-12,-0.01183053,0.00217616,-0.00593142
2022-08-13,0.00050335,-0.00179569,0.00450319
2022-08-14,-0.01349883,-0.00082424,0.01139115
2022-08-15,-0.00295377,-0.00183624,-0.00453561
2022-08-16,-0.00550498,0.00720399,0.00347008
2022-08-17,0.00180316,0.00010697,0.00862456
2022-08-18,0.00484827,0.00378917,0.00984931
2022-08-19,-0.00155735,-0.00237536,-0.00632808
2022-08-20,0.00296348,0.00243087,0.00575033
2022-08-21,0.00226434,-0.00033609,-0.0001053
2022-08-22,-0.00380169,0.010574,0.00167959
2022-08-23,0.00586567,-0.00421831,0.0003704
2022-08-24,-0.00103101,0.00061958,4.596e-05
2022-08-25,0.00378365,-0.00191484,0.00219163
2022-08-26,0.00038568,-0.00010554,0.00289159
2022-08-27,0.00306589,-0.00136631,-0.00443759
2022-08-28,0.00362439,8.629e-05,0.00247205
2022-08-29,0.00544486,-0.00118948,-0.00060059
2022-08-30,0.0148957,-0.00945549,0.01404795
2022-08-31,0.00269157,0.00407316,8.656e-05
2022-09-01,-0.00527445,0.00232855,0.00073176
2022-09-02,-0.00388711,0.00213921,0.0018619
2022-09-03,0.00235812,0.00039874,-0.00111715
2022-09-04,-0.003162,-0.00287343,0.00165541
2022-09-05,0.00777087,0.00188132,0.00098629
2022-09-06,0.00029907,-0.00038537,0.00613419
2022-09-07,-0.00119717,0.00179429,-0.00287305
2022-09-08,-0.00434914,0.00717211,0.00656321
2022-09-09,-0.0035636,-0.007195,-0.00329242
2022-09-10,-0.00111026,0.00036455,0.00444697
2022-09-11,-0.00468541,0.00039776,0.00157892
2022-09-12,-0.00014101,0.00136905,0.00280827
2022-09-13,0.00469364,-0.00681522,0.00070356
2022-09-14,0.00743141,-0.00099889,-7.796e-05
2022-09-15,-0.00429335,0.00484463,0.00055718
2022-09-16,-0.00284452,-0.00085833,-0.0036295
2022-09-17,0.00061892,-0.00110878,0.00014387
2022-09-18,0.00230117,0.01022095,0.00868045
2022-09-19,-0.0057796,0.00124143,-0.01264206
2022-09-20,0.00466954,0.00162652,0.00262448
2022-09-21,-0.00258035,8.537e-05,0.00536491
2022-09-22,-0.00566071,0.0066029,0.00303507
2022-09-23,-0.00351303,0.00390763,-0.00096512
2022-09-24,0.0003641,-0.00298738,0.00456223
2022-09-25,-0.00135229,0.00517583,-0.00059506
2022-09-26,-0.00610525,-0.0073509,0.00404634
2022-09-27,-0.00658977,0.00114417,0.00185242
2022-09-28,-0.00157792,0.00311964,-0.00130607
2022-09-29,0.00846573,-0.00116057,0.00492117
2022-09-30,0.00038067,0.00191391,-0.00248915
2022-10-01,0.00510961,-0.0053673,0.00046581
2022-10-02,0.00237208,0.00131404,0.00887493
2022-10-03,-0.00286308,0.00067119,-0.00030805
2022-10-04,-0.00209637,0.00459225,0.00571483
2022-10-05,-0.0038704,0.00511468,-0.00243431
2022-10-06,0.00552722,-0.00154692,-0.00049067
2022-10-07,0.00224229,-0.00460164,-0.00581276
2022-10-08,0.00175498,0.00029365,0.00079781
2022-10-09,-0.00267229,0.00203981,4.953e-05
2022-10-10,0.00560902,0.00591442,0.00262057
2022-10-11,-0.00237974,-0.0001164,-0.00098534
2022-10-12,0.0001071,0.00317001,0.00315225
2022-10-13,-4.368e-05,0.00934243,0.00354212
2022-10-14,0.00059095,0.00938032,-0.00055318
2022-10-15,-0.00020605,-0.00667991,-0.00368001
2022-10-16,-0.00160601,-0.00538913,0.00427861
2022-10-17,-0.00195584,0.00018561,-0.00645273
2022-10-18,-0.00336911,0.00829918,0.0025472
2022-10-19,-0.00153519,0.0141082,0.01701284
2022-10-20,-0.01791016,-0.0069147,0.0009659
2022-10-21,-0.01113339,-0.00153364,0.00212614
2022-10-22,-0.00277516,-0.0029652,0.00486047
2022-10-23,-0.00907724,0.00397532,0.00319093
2022-10-24,-0.00047127,0.00236573,0.00331486
2022-10-25,0.00630121,-0.00686755,0.01522978
2022-10-26,-0.00883639,0.00579097,0.00095609
2022-10-27,-0.0014004,0.00116142,-0.00392168
2022-10-28,-0.00541759,0.00599222,-0.00195323
2022-10-29,-0.02348874,0.01635063,-0.00641174
2022-10-30,-0.00869693,-0.01543699,-0.00157716
2022-10-31,0.00367841,0.00500935,-0.00029226
2022-11-01,-0.00127657,0.00316953,-0.00178315
2022-11-02,-0.00192456,-0.00379075,0.00331018
2022-11-03,-0.00883281,-0.00460402,-0.00531911
2022-11-04,-0.00855282,-0.00177583,-8.196e-05
2022-11-05,0.00407461,-0.00183455,0.00121123
2022-11-06,0.00453725,0.00155091,0.00165764
2022-11-07,0.0038669,-0.00477361,-0.00109608
2022-11-08,0.01072628,-0.00484828,0.04235791
2022-11-09,-0.01607431,0.00877002,0.0144229
2022-11-10,0.01337671,-0.00615392,-0.01736914
2022-11-11,-0.00434959,0.00944569,-0.0021612
2022-11-12,2.7e-07,0.00060961,0.00192225
2022-11-13,-0.00404386,0.00433997,-0.00346732
2022-11-14,-0.00128634,-0.00189561,0.00075987
2022-11-15,-0.00361243,-0.00078061,0.00128621
2022-11-16,0.00165442,0.00149073,-0.00362625
2022-11-17,-0.00244206,0.00171398,0.00253724
2022-11-18,-0.00534652,0.00171358,-0.00024812
2022-11-19,-0.00186703,-0.00278592,0.00210553
2022-11-20,0.00809618,-0.0083402,0.00433426
2022-11-21,0.00097877,-0.00027677,-0.00059612
2022-11-22,-0.00049699,-0.00383874,0.00230448
2022-11-23,0.00233394,0.00178876,0.00273779
2022-11-24,0.00490573,-0.00020462,0.00334893
2022-11-25,-0.00142793,1.68e-06,-0.00256082
2022-11-26,-0.00052367,0.00706339,1.458e-05
2022-11-27,-0.00374779,-0.0009728,-0.00364181
2022-11-28,-0.00854005,0.00504465,-0.00252989
2022-11-29,-0.00446059,0.00215858,0.00037853
2022-11-30,-0.00486124,0.00068623,-0.00129523
2022-12-01,-0.00313896,-0.00493074,-0.00317201
2022-12-02,0.00039171,-0.01300063,0.00022803
2022-12-03,0.00205304,0.00184356,-0.00030848
2022-12-04,-0.00054119,0.00071623,-0.00103843
2022-12-05,0.004659,-0.00235384,0.00050404
2022-12-06,0.00183029,-0.00510406,0.00108995
2022-12-07,0.00263527,-0.00098514,0.00194773
2022-12-08,0.00284338,-0.00557165,0.00276119
2022-12-09,-0.00211944,0.00082,0.00351181
2022-12-10,-0.00041347,0.00231715,-0.00010979
2022-12-11,-2.257e-05,0.0013476,0.00076302
2022-12-12,0.00412723,-0.00182921,-0.00377009
2022-12-13,-0.00486606,-0.00436809,0.00727981
2022-12-14,0.0082921,0.00214114,-0.00297133
2022-12-15,0.00175878,-0.00228869,-0.00554959
2022-12-16,0.00889507,0.01821905,-0.00689811
2022-12-17,0.00421885,-0.00595964,0.00114661
2022-12-18,-0.00185804,0.00141916,0.00267298
2022-12-19,0.01657162,0.01933636,0.00053339
2022-12-20,-0.00290746,-0.00771212,0.00287796
2022-12-21,0.00409086,0.00345951,0.00337624
2022-12-22,0.00223255,-0.00325417,-0.00066641
2022-12-23,-0.00047465,-0.00286451,0.00121762
2022-12-24,0.00058156,0.00169735,0.00194107
2022-12-25,0.00104273,0.00299847,0.0048514
2022-12-26,0.00609951,-0.00439205,-0.00190012
2022-12-27,0.00368179,0.00334676,-0.00062796
2022-12-28,-0.00268487,0.01201396,0.00541521
2022-12-29,-0.00561615,-0.00046123,-0.0004561
2022-12-30,0.00088805,0.00165804,0.00288113
2022-12-31,-0.00197034,-0.0023574,-0.00174131
2023-01-01,-0.00044949,-0.00292154,-0.00063797
2023-01-02,0.00383813,-0.00352812,-0.00125577
2023-01-03,0.01029223,-0.00628937,-0.00714789
2023-01-04,-0.00760456,-0.00026637,0.00949949
2023-01-05,0.00127145,-0.00163071,-0.00158366
2023-01-06,-0.00463553,0.00389091,-0.00086532
2023-01-07,0.00289363,-0.00140287,-0.00010172
2023-01-08,0.00597657,0.00569035,-0.00328319
2023-01-09,0.00673442,-0.0031335,-0.01074356
2023-01-10,0.00598162,0.0013578,-0.00185661
2023-01-11,-0.00697109,-0.00424113,0.01975824
2023-01-12,0.00176137,0.00313591,-0.00171389
2023-01-13,0.00832286,0.01607788,-0.01350823
2023-01-14,-0.00424921,0.00215026,-0.01331009
2023-01-15,-0.0047102,0.00161348,-0.0029702
2023-01-16,-0.00243857,0.00093052,0.00192479
2023-01-17,0.00663567,0.00066336,-0.00197745
2023-01-18,-0.00247392,0.00443835,0.00401007
2023-01-19,-0.00151427,-0.00421126,0.00392284
2023-01-20,-0.01311699,0.0052217,-0.00589959
2023-01-21,0.01110242,0.00049977,-0.00091976
2023-01-22,0.00211437,-0.00706884,-0.00684646
2023-01-23,0.00579475,-0.00100432,-0.00317548
2023-01-24,0.0129656,0.00122126,0.00467217
2023-01-25,-0.01203571,0.00080656,-0.00633303
2023-01-26,-0.00803566,-0.00138955,-0.0086257
2023-01-27,-0.00678689,-0.0011432,-0.00080651
2023-01-28,0.00112115,-0.00570677,-0.00126481
2023-01-29,0.00127374,-0.00591455,-0.00071925
2023-01-30,7.254e-05,-0.00309481,0.00046836
2023-01-31,-0.00907926,0.00777644,-0.00552902
2023-02-01,-0.00591907,0.00730476,-0.00720551
2023-02-02,0.00048828,-0.00924956,0.0050476
2023-02-03,-0.00378849,0.00084405,-0.00380511
2023-02-04,-0.00429744,0.00064452,0.0042823
2023-02-05,0.00927438,-0.00311927,0.003932
2023-02-06,0.00322412,-0.00442702,-0.00180101
2023-02-07,-0.00351805,-0.00524097,-0.0071835
2023-02-08,0.00622199,-0.00818276,0.00736595
2023-02-09,0.00682064,-0.00625932,0.01431574
2023-02-10,-0.00243827,0.00650679,-0.00116535
2023-02-11,-0.00268952,-0.00054802,-0.00350713
2023-02-12,0.00335338,-0.00226081,0.00390909
2023-02-13,0.00286139,-0.00526754,0.00126506
2023-02-14,-0.00855512,0.00727844,-0.00628199
2023-02-15,-0.00110971,-0.00263325,0.00553383
2023-02-16,-0.00052892,-0.00094815,-0.00225548
2023-02-17,-0.00787795,0.01324613,0.00629577
2023-02-18,0.00025164,0.00105888,0.00087463
2023-02-19,-0.00162366,-1.88e-05,-0.00163335
2023-02-20,0.00667846,-0.00400928,0.00207362
2023-02-21,-0.00276894,-0.00290908,0.00304169
2023-02-22,-0.00062849,-0.00170671,0.00080328
2023-02-23,0.00346963,-0.00130281,-0.00292514
2023-02-24,0.00709743,-0.00383577,-0.00044152
2023-02-25,-0.00340695,0.00028528,0.00463671
2023-02-26,0.00155511,-0.00189622,-0.00356266
2023-02-27,-0.00266353,-0.00260849,-0.00126722
2023-02-28,-9.323e-05,-0.00113941,0.00637126
2023-03-01,-0.00817695,0.00025381,-0.00537506
2023-03-02,0.0029734,-0.0058345,0.00466061
2023-03-03,0.00015477,-0.00252485,0.00858199
2023-03-04,0.00739434,-0.00611853,0.01147937
2023-03-05,-0.00026674,-0.00232229,-0.00343884
2023-03-06,0.0022305,-0.00016402,-0.00907686
2023-03-07,0.00115347,0.00012706,0.00735696
2023-03-08,-0.00292624,0.00107081,0.01191475
2023-03-09,0.001134,-0.00197013,-0.00755306
2023-03-10,0.00164067,-0.00105303,-0.00093233
2023-03-11,2.278e-05,-0.00628953,0.00667279
2023-03-12,0.00711984,-0.004775,-0.00699871
2023-03-13,-0.00329696,-0.0004838,0.00151883
2023-03-14,0.00155462,0.00369685,-0.00661553
2023-03-15,0.00183458,0.00422383,0.00143308
2023-03-16,-0.00066261,0.0055055,0.00236067
2023-03-17,0.00739832,0.00014009,-0.00355126
2023-03-18,0.00824003,0.00875708,-0.00695986
2023-03-19,-0.00680948,-0.00895618,0.0048184
2023-03-20,-0.00085975,-0.00106155,0.00058881
2023-03-21,-0.01350446,-0.02455008,0.01995884
2023-03-22,-0.00340082,-0.01107425,-0.00101296
2023-03-23,-0.00016199,0.01044796,0.00120152
2023-03-24,-0.00430604,-0.00096086,0.00207201
2023-03-25,-0.00022375,0.00205143,0.0041563
2023-03-26,0.00488651,0.0001246,-0.00324661
2023-03-27,-0.00483594,0.0032663,-0.00146908
2023-03-28,0.00723617,0.00031689,-0.00354414
2023-03-29,-0.0072557,-0.00093433,-0.00038048
2023-03-30,0.00069768,-0.00097482,0.0026332
2023-03-31,-0.00438627,-0.00213874,0.00126192
2023-04-01,-0.00322639,-0.00336577,0.00432358
2023-04-02,0.00049285,0.00138008,0.00154557
2023-04-03,-0.00509196,0.00505927,0.00333729
2023-04-04,-0.0030718,-0.00208276,-0.00229173
2023-04-05,-0.00082438,-0.00428645,-0.00267746
2023-04-06,-0.00055089,-0.0035953,0.00105735
2023-04-07,0.00154235,-0.00467308,0.00145526
2023-04-08,-0.00028394,-0.0025571,0.00124376
2023-04-09,0.00096881,-0.00491441,0.00230807
2023-04-10,-0.00311112,0.00552332,-0.00210743
2023-04-11,0.00311605,-0.01403697,0.01024521
2023-04-12,-0.00433517,0.00284904,0.00058178
2023-04-13,-0.00013133,-0.00198804,0.00387706
2023-04-14,0.00296284,-0.00757092,-0.00714148
2023-04-15,0.0004399,0.0005834,0.00342056
2023-04-16,-0.00545908,0.00036919,0.00231599
2023-04-17,-0.00069055,-0.00108144,-0.00483033
2023-04-18,-0.00787646,-0.00235218,0.0023736
2023-04-19,0.01004519,0.00522293,-0.00591805
2023-04-20,0.00387012,0.00095099,0.00311506
2023-04-21,0.0023972,-0.00671628,0.00457243
2023-04-22,0.01275484,-0.00183177,-0.00343118
2023-04-23,-0.00762015,-0.00968388,0.00883026
2023-04-24,-0.00252273,0.00283185,0.00052161
2023-04-25,0.00411252,0.00843779,-0.00463407
2023-04-26,0.00540955,0.00171127,-0.00047727
2023-04-27,0.0029117,0.00294252,-0.0001041
2023-04-28,-0.00038579,-0.0040983,0.00225857
2023-04-29,-0.00512921,-0.00624958,-0.00020027
2023-04-30,0.00258907,0.00187255,0.00196332
2023-05-01,0.00333532,-0.00098081,-0.00045636
2023-05-02,0.00111972,-0.00402691,0.00388937
2023-05-03,-0.00126836,0.00017489,-0.00461462
2023-05-04,-0.00316761,0.00457845,0.00748473
2023-05-05,0.0044371,0.00685978,0.00450734
2023-05-06,0.00146401,0.003772,0.00293786
2023-05-07,0.0007651,-0.00148858,-0.00280008
2023-05-08,0.00953364,0.00590042,0.00899891
2023-05-09,-0.00340943,3.986e-05,0.00859119
2023-05-10,0.00341121,-0.00129447,-0.01644295
2023-05-11,-0.00141944,0.00648153,0.01367959
2023-05-12,0.01240153,-0.00694264,-0.00520509
2023-05-13,-0.00255685,0.00219852,0.00071723
2023-05-14,0.00067555,-0.00255654,0.00044001
2023-05-15,0.00145656,0.00346766,-0.00167295
2023-05-16,-0.00315243,0.00151843,-0.00058089
2023-05-17,0.00469707,0.00695159,-0.01250904
2023-05-18,0.00673875,-0.00838757,-0.0019504
2023-05-19,0.00341642,-0.0007864,-0.00044387
2023-05-20,0.0034381,-0.00049932,0.0007459
2023-05-21,0.00272182,-0.00125566,0.00146265
2023-05-22,-0.00592176,-0.00312975,0.00098411
2023-05-23,-0.00163036,0.00184299,-0.00382139
2023-05-24,0.0056344,0.00118752,-0.00433172
2023-05-25,-0.00400004,-0.00327781,0.00239437
2023-05-26,-0.00816765,-0.00323725,0.00574586
2023-05-27,-8.528e-05,0.00666625,-0.0055811
2023-05-28,0.02467961,0.02515999,-0.00905857
2023-05-29,0.0151136,0.01648519,-0.00689486
2023-05-30,0.00994643,0.0148729,-0.0061813
2023-05-31,0.0009574,-0.00047842,-0.00016996
2023-06-01,-0.00433232,-0.00161826,-0.00347216
2023-06-02,-0.00394978,0.00041135,-0.00072473
2023-06-03,-0.01025356,-0.00719935,0.00579346
2023-06-04,-0.00177838,-0.00406179,0.00226324
2023-06-05,0.00312784,-0.00101623,-0.00074923
2023-06-06,0.00256539,-0.00252604,-0.00010157
2023-06-07,-0.00701837,-0.00167383,0.00275869
2023-06-08,-0.00555995,-0.00546762,0.00159811
2023-06-09,0.00015752,0.0067913,-0.00495852
2023-06-10,0.00736781,0.00333601,0.00892991
2023-06-11,-0.00105165,0.00016558,-0.01311893
2023-06-12,-0.00482417,0.00801665,-0.02108543
2023-06-13,0.00045762,-0.00584232,0.00789132
2023-06-14,0.00546417,0.00321905,-0.00847716
2023-06-15,-0.00509692,-0.00099458,0.00024752
2023-06-16,0.00044962,-0.00046459,0.00237499
2023-06-17,0.00111476,-0.00768052,0.00097114
2023-06-18,-0.00563988,-0.00719984,0.0064957
2023-06-19,0.00119653,-0.00246385,-0.00138953
2023-06-20,-0.00028469,0.00114448,-0.00095621
2023-06-21,-0.00422815,0.00711103,0.01063738
2023-06-22,-0.0044298,0.00090438,0.00298075
2023-06-23,-0.00551347,0.00774934,0.00295111
2023-06-24,0.00279994,0.00699401,-0.0059388
2023-06-25,0.00843538,-0.00790613,-0.0019267
2023-06-26,0.00771194,0.00196825,-0.00545474
2023-06-27,-0.00228094,-0.00022322,0.00179765
2023-06-28,0.00598324,-0.0007359,-0.00069143
2023-06-29,0.00283613,0.00066218,0.00461734
2023-06-30,-0.00760381,0.01781782,0.0094832
2023-07-01,0.00116513,-0.00296335,0.00285555
2023-07-02,-0.00285163,0.00175897,0.00258857
2023-07-03,-0.00674791,-0.00807098,0.0050131
2023-07-04,-0.00125644,0.00022835,0.00306436
2023-07-05,0.00066376,-0.00112989,-0.00260368
2023-07-06,0.00594507,-0.00227182,0.00033483
2023-07-07,-0.0070345,0.00173566,0.00093631
2023-07-08,0.00482946,-0.00953202,0.00092719
2023-07-09,0.00285603,0.00026026,-0.00303725
2023-07-10,0.00048019,0.0033843,-0.0021355
2023-07-11,-0.00200431,0.00024525,0.00012256
2023-07-12,0.003854,-0.00264525,-0.00155267
2023-07-13,-0.04517379,-0.01957866,0.05547375
2023-07-14,0.00692867,-0.00519891,0.00596166
2023-07-15,0.001143,0.00110735,-0.00049277
2023-07-16,0.00086875,-0.00298444,-0.00278549
2023-07-17,-0.00333726,-0.00011632,0.00149289
2023-07-18,0.00157095,-0.00447306,-0.00127478
2023-07-19,-0.00245371,0.00456539,-0.00163007
2023-07-20,0.00116089,0.00252467,0.00213051
2023-07-21,-0.00429743,-0.0027391,0.00224907
2023-07-22,-0.00112702,-0.00339997,-0.00122728
2023-07-23,0.00184492,-0.00151811,0.00085727
2023-07-24,-0.00218553,0.00157248,0.0027723
2023-07-25,-0.00256934,0.00292236,0.00243264
2023-07-26,0.00474891,-0.00031143,-0.0047736
2023-07-27,-3.121e-05,-0.0015058,-0.00076134
2023-07-28,-0.00260728,-0.00211591,0.00051111
2023-07-29,-0.00544184,0.0101668,-0.00082053
2023-07-30,-0.00386361,0.00584063,0.00092208
2023-07-31,-0.00315826,-0.00170342,0.00320601
2023-08-01,-0.00422325,-0.00127062,-0.00071986
2023-08-02,-0.001608,-0.00444767,-0.00085118
2023-08-03,0.00164358,0.00235501,-0.00040561
2023-08-04,0.00140846,0.00271766,0.000298
2023-08-05,-0.00614252,-0.00121689,0.00495831
2023-08-06,0.00195519,-0.0057749,0.00137604
2023-08-07,0.00140043,0.00169262,-0.00219302
2023-08-08,0.00138365,-0.00983558,0.00381931
2023-08-09,-0.00361991,-0.00480789,0.00115949
2023-08-10,-0.00485442,0.00320904,-0.00038011
2023-08-11,0.00249033,0.00398308,-0.00553022
2023-08-12,0.0009683,0.00119211,0.00316089
2023-08-13,-0.00035858,-0.00214265,-0.0006156
2023-08-14,-0.00015044,0.00117755,0.00098799
2023-08-15,0.00279765,-6.033e-05,0.0017465
2023-08-16,0.00266433,-0.00439544,0.00383054
2023-08-17,0.00201232,0.00146701,0.0048774
2023-08-18,0.01430813,0.005749,-0.00737646
2023-08-19,0.00235759,0.01075912,-0.00904867
2023-08-20,-0.00275876,-0.00606247,0.00341766
2023-08-21,0.0092002,0.01207909,-0.01025756
2023-08-22,-0.00575067,-0.00519492,0.0006979
2023-08-23,0.00420489,0.00272304,0.00051526
2023-08-24,0.00489698,-0.00624597,0.00059265
2023-08-25,0.00384001,-0.00682384,0.00293759
2023-08-26,0.00381846,-0.0022004,0.00015168
2023-08-27,0.00651746,0.00220924,-0.00494772
2023-08-28,-0.00163022,-0.01072861,0.00506832
2023-08-29,0.00510759,0.00029518,-0.00055123
2023-08-30,0.00587912,0.00398699,-0.00675301
2023-08-31,-0.00246213,-0.00337237,-0.00152159
2023-09-01,0.01465751,0.00104081,-0.00991742
2023-09-02,-0.00530543,-0.0086573,0.00673591
2023-09-03,0.01326245,0.00641314,-0.01174414
2023-09-04,0.00478788,0.0013129,-0.00431641
2023-09-05,-0.00396375,-0.00337767,-0.00025871
2023-09-06,0.00815599,0.0110753,-0.00881709
2023-09-07,-0.00147127,0.00151456,0.00159975
2023-09-08,-0.00431605,-0.00376474,0.00345884
2023-09-09,-0.00107585,-0.0021463,0.00404716
2023-09-10,0.01265343,0.0106776,-0.00802915
2023-09-11,0.000337,-0.00058943,-0.00091569
2023-09-12,0.0046232,0.00396953,-0.00321793
2023-09-13,0.00555539,0.00658605,-0.00927133
2023-09-14,0.00610962,0.00444176,-0.00227357
2023-09-15,0.00631498,0.01519652,-0.01238587
2023-09-16,-0.00275727,0.00064221,-0.00162142
2023-09-17,-0.00742489,-0.00566209,0.00890388
2023-09-18,0.0087585,0.00742944,-0.00672427
2023-09-19,0.01062486,0.00578757,-0.0170738
2023-09-20,0.00027889,-0.00142266,0.0009763
2023-09-21,-0.00213685,-0.00698253,0.00261421
2023-09-22,-0.00059684,-0.00126268,-0.00874722
2023-09-23,0.00042893,-0.00156875,0.0088511
2023-09-24,0.00029471,0.00200965,0.00183088
2023-09-25,0.00112837,0.00147955,-0.00106527
2023-09-26,0.00806841,0.00194553,-0.00632167
2023-09-27,0.00846378,0.00554383,-0.00433638
2023-09-28,-0.00780026,-0.00506786,0.00591779
2023-09-29,-0.00397053,-0.00187498,-0.00279594
2023-09-30,-0.0039363,0.00175061,0.00170535
2023-10-01,-0.00335417,-0.0046182,-0.0083046
2023-10-02,0.00056184,-0.00421897,-0.00128344
2023-10-03,-0.00742057,-0.00355768,0.00904555
2023-10-04,-0.00091191,0.00335723,0.00426194
2023-10-05,-0.00450068,-0.0015468,-0.00344877
2023-10-06,0.00718275,0.00127916,-0.00467147
2023-10-07,-0.0055854,0.00204226,0.00272934
2023-10-08,0.00222984,-0.00301559,-0.00057867
2023-10-09,0.00135001,0.00553935,-0.00223462
2023-10-10,0.00054583,-0.00322977,0.00243737
2023-10-11,-0.00450788,-0.00058671,-0.00233015
2023-10-12,0.00162535,-0.00568895,0.0001848
2023-10-13,0.00124589,-0.00344543,0.0019146
2023-10-14,0.00187496,-0.00083044,-9.222e-05
2023-10-15,-0.00233394,0.00981726,-0.00324121
2023-10-16,0.00425607,-0.00094296,0.00378398
2023-10-17,-0.00244506,0.00547429,-0.00236031
2023-10-18,0.00243566,-0.00214324,0.00223534
2023-10-19,0.00432085,-0.00560104,0.00540087
2023-10-20,0.00270459,0.00547342,-0.00259638
2023-10-21,0.00331113,-0.00174348,0.00543643
2023-10-22,0.00095348,7.161e-05,0.00363718
2023-10-23,0.00324887,0.01204078,0.00383912
2023-10-24,-0.0035295,-0.02265177,-0.00051801
2023-10-25,0.01500423,0.00016622,-0.01280753
2023-10-26,-0.00697986,-0.0016302,0.00371261
2023-10-27,0.0048076,-0.00083439,0.00149684
2023-10-28,-0.0021271,-0.00400946,0.00052001
2023-10-29,-0.00682635,0.00170592,-0.00173248
2023-10-30,0.00886789,-0.00093385,-0.00489874
2023-10-31,0.00284787,0.00162416,-0.000572
2023-11-01,-0.00396573,-0.00267962,0.00586934
2023-11-02,0.00160312,-0.00641115,0.00473276
2023-11-03,0.00943972,0.00466712,-0.00461369
2023-11-04,0.0010229,0.00156201,-0.00049238
2023-11-05,-0.00258198,0.00307769,0.00804801
2023-11-06,0.00728307,0.00489021,0.00852422
2023-11-07,0.00556358,-0.00315913,-0.00397029
2023-11-08,-0.01761611,-0.00580571,-0.01005919
2023-11-09,-0.01420036,0.01038773,0.01473829
2023-11-10,1.4e-07,0.00215518,-0.00208819
2023-11-11,7.803e-05,-0.00920332,0.00062103
2023-11-12,7.3e-06,0.00847782,-6.757e-05
2023-11-13,0.00106158,-0.01022093,0.00463994
2023-11-14,0.00136847,0.01083651,-0.00436872
2023-11-15,0.00035682,0.00576434,-0.00020592
2023-11-16,0.00602683,-0.00332231,-0.00406752
2023-11-17,-0.00292051,0.00178554,0.00126011
2023-11-18,0.00037705,-0.00491296,-6.188e-05
2023-11-19,0.00104458,0.00209406,0.00127979
2023-11-20,0.0053837,-0.00949183,0.00347073
2023-11-21,-0.00096723,-0.00430634,-0.01067252
2023-11-22,-0.0142236,0.00107587,-0.00615862
2023-11-23,0.0029922,-0.0030681,-0.00052129
2023-11-24,0.00054695,0.00260332,-0.00275447
2023-11-25,-0.00152749,0.00173303,0.00259749
2023-11-26,-0.00274568,-0.00297413,0.00286805
2023-11-27,-0.00024302,-0.00361211,-0.00264584
2023-11-28,0.00013846,-0.00019337,0.00062928
2023-11-29,0.00119436,-0.00372718,0.00090247
2023-11-30,0.00095067,-0.00253104,-0.00128042
2023-12-01,0.00450249,0.00352789,0.00179757
2023-12-02,-0.00548278,-0.00088865,-0.00353786
2023-12-03,0.00820689,0.00829576,-0.00218456
2023-12-04,0.00634558,0.00636767,0.00147487
2023-12-05,-0.00407967,0.0002361,0.00652855
2023-12-06,0.00229637,0.00450637,0.00873229
2023-12-07,-0.01475086,-0.01450838,0.00969508
2023-12-08,-0.00019468,0.00158534,0.00838311
2023-12-09,0.00552538,-0.00125587,0.00254601
2023-12-10,-0.00340524,0.00277361,-0.00968491
2023-12-11,-0.00890579,-0.00815353,-0.00561533
2023-12-12,0.00180949,0.00049278,0.01026788
2023-12-13,0.00353389,0.00593071,8.106e-05
2023-12-14,-0.00458401,-0.00179188,-0.00125274
2023-12-15,0.00165189,0.00072029,-0.00066667
2023-12-16,-0.00396815,-0.00420849,0.00697346
2023-12-17,0.00083422,-0.00412245,-0.00281078
2023-12-18,-0.00461025,0.01257601,-0.00093546
2023-12-19,-0.00780523,0.00059575,-0.00393712
2023-12-20,-0.00490901,0.01087701,-0.00494458
2023-12-21,0.00062522,0.01021404,-0.00046901
2023-12-22,-0.02044272,-0.01008298,0.0007572
2023-12-23,-0.0016995,0.01410121,-0.0068354
2023-12-24,0.00528322,0.00085285,-0.00127698
2023-12-25,-0.00076933,0.00161311,0.00252816
2023-12-26,0.00156468,0.00505483,0.00019391
2023-12-27,-0.00249674,-0.01072568,0.01905395
2023-12-28,0.00433759,0.00028347,0.01046711
2023-12-29,-0.00253595,0.0033551,-0.00754289
2023-12-30,0.00541877,0.00027631,-0.00122628
2023-12-31,-0.01337877,-7.117e-05,0.00379782
2024-01-01,-0.00712439,0.00118345,-0.00144832
2024-01-02,0.00122654,-0.00207095,0.00335931
2024-01-03,0.00692611,0.00197946,-0.00440466
2024-01-04,-0.01380118,-0.00534283,-0.00263741
2024-01-05,0.00840177,0.0024406,0.00293426
2024-01-06,-0.00013847,0.00020332,0.00355047
2024-01-07,-4.632e-05,0.00665632,-0.00057187
2024-01-08,-0.00534251,-0.00082152,-0.00016268
2024-01-09,0.00264635,-0.00396353,0.00929069
2024-01-10,-0.0036424,-0.0046426,0.00436984
2024-01-11,0.00072229,0.00464415,0.00078195
2024-01-12,0.00049958,0.00466917,-0.00192574
2024-01-13,0.00098714,-0.00149233,-0.00174398
2024-01-14,0.00041779,-0.00447141,0.00463325
2024-01-15,0.00307197,0.00150686,-0.00041949
2024-01-16,-0.00256387,-0.00139709,-0.0023922
2024-01-17,-0.00632399,-0.0028834,-0.00162429
2024-01-18,0.01068659,-0.00143147,0.01108526
2024-01-19,0.00307051,0.00663359,0.01000496
2024-01-20,0.0013258,-0.00845406,0.00647647
2024-01-21,0.00216367,-0.00187447,0.00249003
2024-01-22,0.00257561,0.00433197,0.00082076
2024-01-23,0.00306947,-0.00031614,-0.00071396
2024-01-24,-0.00026851,-0.0032704,-0.00863221
2024-01-25,-0.00242211,-0.00563923,0.00534516
2024-01-26,0.00199619,0.00204199,-0.01089191
2024-01-27,0.00240232,-0.00069746,-0.00054048
2024-01-28,0.00025915,-0.00591769,0.00668365
2024-01-29,-0.00208253,0.00653001,-0.00730331
2024-01-30,-0.00493527,-6.085e-05,0.00126465
2024-01-31,-0.00171751,2.319e-05,0.00714586
2024-02-01,0.00118871,0.00276096,0.00222333
2024-02-02,-0.00164721,0.00034911,0.000347
2024-02-03,-0.00232015,-0.00445624,0.00277589
2024-02-04,-0.0005645,0.00145335,0.00079494
2024-02-05,-0.0049756,-0.00081981,-0.00345867
2024-02-06,-0.00239163,-0.00191968,0.00189654
2024-02-07,0.00165844,-0.0064188,-0.00319898
2024-02-08,0.00357024,-0.00208403,0.0064614
2024-02-09,0.00507219,0.00107327,-0.00504694
2024-02-10,-0.0021346,0.00203446,0.00087952
2024-02-11,0.00655258,0.00172896,0.0042997
2024-02-12,-0.00243575,0.00433349,-0.00878842
2024-02-13,-0.00317111,-0.00243955,-0.00459746
2024-02-14,-0.00157347,0.00781161,-0.00975723
2024-02-15,-0.0030634,-0.00269811,0.00438821
2024-02-16,0.00570408,-0.00305215,0.00892471
2024-02-17,-0.00303682,-0.00244371,-7.879e-05
2024-02-18,-0.00324485,0.00378564,-0.0029696
2024-02-19,-0.00633993,-0.00354831,0.00121872
2024-02-20,0.00012646,0.01610613,0.00618066
2024-02-21,0.00694328,0.00281356,0.00098723
2024-02-22,-0.00050854,0.01275474,-0.00571107
2024-02-23,-0.00064446,-0.00341514,0.00675755
2024-02-24,-0.00921891,0.00014007,-0.00592077
2024-02-25,-0.00366668,-0.00081552,-0.00539421
2024-02-26,-0.01016389,0.0026849,0.00633974
2024-02-27,-0.01549607,0.00380313,0.00291986
2024-02-28,0.00511674,0.0254509,-0.00369869
2024-02-29,0.00550882,-0.01136615,0.01228457
2024-03-01,-0.01177025,0.01362856,-0.00693125
2024-03-02,0.01336471,0.00502753,0.01564976
2024-03-03,-0.00828035,0.00820855,-0.0090253
2024-03-04,-0.00136506,0.02572055,-0.00670704
2024-03-05,-0.00123562,-0.00628749,0.00212601
2024-03-06,-0.00260951,0.00091788,-0.00223564
2024-03-07,-0.00507424,-0.00608816,0.00321255
2024-03-08,-0.01436239,0.00712175,-0.0284309
2024-03-09,-0.01093734,-0.00204621,-0.00986486
2024-03-10,0.02366821,-0.00495229,-0.00032335
2024-03-11,0.00462347,-0.00127619,0.0068681
2024-03-12,-0.00317778,-0.00316329,0.00098439
2024-03-13,0.00610682,0.00309299,0.0058181
2024-03-14,-0.00813817,0.00658782,-0.00898979
2024-03-15,0.00341593,0.00089239,0.00166619
2024-03-16,0.00374841,-0.00249763,0.0037156
2024-03-17,-0.00835392,0.0087433,-0.00539765
2024-03-18,0.00957346,-0.00150771,0.00485972
2024-03-19,-0.00950459,-0.0013201,-0.00406904
2024-03-20,-0.00442371,0.00043696,0.00074972
2024-03-21,0.00898242,-0.00802307,0.00266148
2024-03-22,-0.00121881,0.00348416,-0.00258189
2024-03-23,-0.00073055,-0.00131233,-0.00220232
2024-03-24,-0.00025119,-0.00113528,0.00253082
2024-03-25,0.00033232,-0.00093419,0.00282513
2024-03-26,0.00047025,0.0002805,0.00029484
2024-03-27,0.00455881,0.00135479,-0.00187062
2024-03-28,-0.0017617,0.00442043,-0.00271707
2024-03-29,0.00014864,0.00489478,0.00634896
2024-03-30,-0.00162746,-0.00074644,-0.00126619
2024-03-31,-0.00094844,0.00185355,0.00088633
2024-04-01,0.00156028,0.00191528,-0.00147361
2024-04-02,0.00275624,0.00194546,-0.00274402
2024-04-03,0.00396945,-0.00229069,0.00235395
2024-04-04,-0.00307864,0.00396811,-0.00078429
2024-04-05,0.00154036,0.00164656,-0.0015906
2024-04-06,-0.00226906,-0.00054065,0.00122934
2024-04-07,-0.00480119,-0.00254567,-0.00289966
2024-04-08,-0.00054799,-0.00249301,0.00191405
2024-04-09,0.00632333,0.00353511,-0.00059752
2024-04-10,-0.00030538,0.00537665,0.00257468
2024-04-11,-0.00076805,0.0010894,0.0003405
2024-04-12,0.00991387,0.00653232,-0.00369839
2024-04-13,0.00786919,0.00611869,-0.00689519
2024-04-14,-0.00515639,-0.00865278,0.00057212
2024-04-15,-0.00055684,-0.00173508,0.00011168
2024-04-16,-0.00308527,0.00084365,-0.00402567
2024-04-17,0.00504519,-0.00368765,0.0001714
2024-04-18,-0.00055781,-0.00053151,0.00317407
2024-04-19,0.00028686,-0.00072631,-0.00125452
2024-04-20,-0.00342258,0.00080249,-0.00136085
2024-04-21,0.0011788,0.00091108,-0.00167727
2024-04-22,0.00183043,6.978e-05,0.00400748
2024-04-23,0.00073482,0.00484666,-0.00574449
2024-04-24,0.00183437,-0.0016008,-0.00501325
2024-04-25,-0.00164193,0.00619623,-0.00119964
2024-04-26,0.00266264,-0.0052553,0.00495301
2024-04-27,-0.00352598,-0.00566747,0.00309481
2024-04-28,0.00224337,-0.00041593,-0.00272622
2024-04-29,0.00636297,0.00226166,0.00011982
2024-04-30,0.00337261,-0.00057733,0.00360614
2024-05-01,-0.00325376,0.00083919,0.00267537
2024-05-02,-0.00353976,0.00217938,7.275e-05
2024-05-03,-0.00447142,-0.01004421,-0.00773219
2024-05-04,0.00045626,-0.00341415,-0.00601211
2024-05-05,-0.00591997,0.00548003,-0.00104002
2024-05-06,-0.00276891,-0.0008914,-0.00010946
2024-05-07,0.00125606,-0.00255207,-0.00083022
2024-05-08,-0.00099678,-0.00248061,0.00600965
2024-05-09,-0.00455194,0.00750901,-0.00405787
2024-05-10,0.00192194,-0.00070298,-0.00437104
2024-05-11,-0.00172957,0.00252693,-0.0026115
2024-05-12,0.00215198,0.00241588,-0.00042101
2024-05-13,0.00030705,0.00788262,-0.00302756
2024-05-14,0.00304706,-0.00310429,-0.00294264
2024-05-15,-0.00124642,-0.00723515,0.00386685
2024-05-16,0.00902061,-0.00183093,0.01136759
2024-05-17,-0.00169905,-0.01030868,0.00413682
2024-05-18,-0.0026755,-1.279e-05,-0.00438983
2024-05-19,0.00669936,0.00477138,-0.00044887
2024-05-20,-0.00930118,-0.00418848,0.01376721
2024-05-21,0.00896966,0.00125665,-0.01020087
2024-05-22,0.00848719,0.00525634,-0.00907126
2024-05-23,0.00135963,0.01647179,-0.00410168
2024-05-24,-0.00116198,-0.00163928,0.00159884
2024-05-25,-0.00158355,-0.00013857,-0.00035383
2024-05-26,-0.00553553,0.00316774,-0.00193678
2024-05-27,0.00110397,0.00569834,-0.00488549
2024-05-28,-0.00032197,0.00391812,-0.00362609
2024-05-29,0.00100348,-0.01367402,0.00312248
2024-05-30,-0.00050096,-0.0070142,-0.00028475
2024-05-31,-0.00421616,0.00531847,-0.00870643
2024-06-01,0.00702462,0.00269826,-0.00298543
2024-06-02,0.00739695,0.00049674,0.0033867
2024-06-03,-0.00073762,-0.0036271,-1.495e-05
2024-06-04,-0.00045166,0.00417301,-0.00118739
2024-06-05,0.00059762,-2.818e-05,-0.00290517
2024-06-06,0.00198365,0.00234673,0.00265303
2024-06-07,0.01050138,0.00234843,0.0088506
2024-06-08,0.00685138,0.00935423,-0.00502418
2024-06-09,-0.0040768,-0.00363459,0.00164382
2024-06-10,0.00500718,0.00029086,0.00198238
2024-06-11,-0.00135452,-0.00160009,-0.00286651
2024-06-12,-0.00422778,-0.00971968,0.00085349
2024-06-13,0.00175915,0.00444687,0.01063704
2024-06-14,0.00331512,0.00170396,0.00116379
2024-06-15,-0.00417595,0.00031844,0.00302301
2024-06-16,-0.00499435,-0.00156164,-0.00594351
2024-06-17,0.00217591,0.00625455,0.02160014
2024-06-18,0.00587008,0.00742937,0.00276132
2024-06-19,0.00147412,-0.00823959,0.00225586
2024-06-20,-0.00011131,-0.00605278,-0.00385088
2024-06-21,-0.00814829,0.00092646,-0.00422578
2024-06-22,0.00390052,-0.00269244,0.00233944
2024-06-23,-0.00217536,-0.00064121,9.802e-05
2024-06-24,-0.00303379,0.00354908,-0.01587234
2024-06-25,0.00515266,-0.00640778,0.0014089
2024-06-26,0.00428564,0.00270244,0.00012814
2024-06-27,0.00490943,-0.00988764,0.00514405
2024-06-28,0.00485908,-0.01385598,0.00584365
2024-06-29,-0.00220796,-0.00208443,0.0010979
2024-06-30,0.00585738,0.00696382,-0.00125163
2024-07-01,-0.00363849,0.00447986,0.00255495
2024-07-02,0.0080957,0.00535135,0.00543182
2024-07-03,-0.00333669,-0.00814441,0.00486745
2024-07-04,-0.00292111,-0.00199396,-0.00151557
2024-07-05,2.719e-05,0.01033953,0.00086781
2024-07-06,0.01029152,-0.00496931,-0.00535778
2024-07-07,-0.00682544,-0.00056069,-0.0004309
2024-07-08,0.01191221,0.00527905,0.00203319
2024-07-09,0.00696178,-0.00073326,-0.00523321
2024-07-10,-0.00147639,-0.00482353,-0.00067962
2024-07-11,0.00114614,-0.0044948,0.0132174
2024-07-12,-0.00917768,-0.00427339,0.00556773
2024-07-13,0.00181253,0.0003743,0.01304699
2024-07-14,0.00046116,-0.00180183,-0.00926314
2024-07-15,0.01127125,-0.01266633,-0.00774376
2024-07-16,0.01414075,-0.0047002,-0.0053956
2024-07-17,-0.00654067,-0.0008944,0.00019246
2024-07-18,-9.166e-05,0.00074563,-0.00186451
2024-07-19,0.00146933,-0.00231689,-0.0022435
2024-07-20,-0.00125416,0.0001953,0.00164752
2024-07-21,0.00371336,-0.0042619,0.00046378
2024-07-22,0.00669574,0.00193733,0.00367088
2024-07-23,-0.00613483,-0.00707709,0.00616156
2024-07-24,0.00215137,0.00731833,-0.00647521
2024-07-25,-0.00016141,0.00045513,-0.0041717
2024-07-26,-0.01017476,-0.00448806,-0.00497511
2024-07-27,0.0006005,-0.0050712,0.00089908
2024-07-28,0.00559568,0.00249829,0.00284982
2024-07-29,0.00227044,-0.00427183,0.00583548
2024-07-30,0.00017869,0.00425496,0.00080629
2024-07-31,0.0002487,-0.00428134,0.0008729
2024-08-01,0.01574211,-0.00656907,0.0065442
2024-08-02,0.00563945,0.00201147,-0.00460024
2024-08-03,0.006607,-0.00291575,0.01132266
2024-08-04,0.00287593,-0.00042683,-0.00242966
2024-08-05,0.01057069,0.00810672,-0.00674285
2024-08-06,-0.00281234,0.00642586,-0.00861297
2024-08-07,-0.00585084,0.00439582,0.00285716
2024-08-08,0.00453028,-0.0039437,0.00105007
2024-08-09,0.0015432,-0.00025168,-0.0014438
2024-08-10,0.00024083,-0.00164149,-0.00042716
2024-08-11,-0.00334989,-0.0053458,0.00360968
2024-08-12,-0.00958554,0.01554294,-0.00985213
2024-08-13,0.00042344,-0.00260646,0.00217798
2024-08-14,-0.00469343,-0.00382868,0.00251229
2024-08-15,-0.00123054,-0.00155272,0.00429462
2024-08-16,-0.003574,-0.0020769,0.00798917
2024-08-17,-0.00175386,-0.00121341,-0.00102204
2024-08-18,-0.00145907,-0.00124945,-0.0021222
2024-08-19,-0.00326175,-0.00084752,0.00159022
2024-08-20,0.00124022,-0.0036042,-0.00175543
2024-08-21,-0.00791958,0.00882705,0.00360548
2024-08-22,0.00626639,-0.00536845,-0.0011098
2024-08-23,-0.00914202,-0.01113837,-0.01448404
2024-08-24,-0.00380605,-0.00245095,-0.00637524
2024-08-25,-0.0009752,0.00602115,0.00021842
2024-08-26,0.00711503,7.318e-05,0.00189342
2024-08-27,0.00477349,0.00204138,-0.00150201
2024-08-28,0.00673346,-0.0027583,0.005928
2024-08-29,-0.00533908,-0.00566964,0.00267738
2024-08-30,-0.00226245,-0.00039362,-0.00162351
2024-08-31,0.00089338,-0.00224731,0.00139601
2024-09-01,0.00294515,-0.00257891,-0.00168262
2024-09-02,-0.00083422,0.00131409,-0.00383647
2024-09-03,0.00108699,-0.00117607,-0.00326904
2024-09-04,-0.00117494,0.00057922,-0.00416483
2024-09-05,-0.00559263,-0.00045062,0.00082889
2024-09-06,0.00205243,0.00018015,-0.0102863
2024-09-07,-0.01134979,0.00207156,-0.00412514
2024-09-08,-0.00709429,0.00227983,-0.00502871
2024-09-09,0.00357832,-0.00571043,-0.00066574
2024-09-10,-0.0132055,0.01319626,-0.00805389
2024-09-11,0.00859078,-0.01149023,0.01122874
2024-09-12,-0.00238182,0.00132029,-0.00147105
2024-09-13,0.00595927,-0.00175909,0.00172275
2024-09-14,0.00351012,0.00136252,-0.00052825
2024-09-15,0.01799876,0.00769746,-0.00454381
2024-09-16,0.0063327,0.00068273,-0.00150385
2024-09-17,-0.0010531,0.0039982,-0.00337911
2024-09-18,-0.00084613,0.00680084,-0.01035786
2024-09-19,0.01227885,0.01112137,-0.01260635
2024-09-20,-0.00359911,-0.00106496,-0.00120876
2024-09-21,-0.00747942,-0.00053993,0.00442753
2024-09-22,0.00422556,0.00231175,0.00467307
2024-09-23,0.00243774,0.00341351,-0.00809022
2024-09-24,-0.00620985,-0.00361502,-0.00164926
2024-09-25,0.00135739,-0.00871473,-0.00054006
2024-09-26,-0.0074985,-0.00449053,0.0022344
2024-09-27,-0.00162705,0.00290108,-0.00517912
2024-09-28,0.00174809,-0.00310456,-0.00033145
2024-09-29,-0.00067148,-0.00119309,0.00035294
2024-09-30,0.00907913,-0.00204585,-0.00530704
2024-10-01,0.00790852,-0.00386698,-0.00345496
2024-10-02,0.00426529,-0.00240279,-0.00146615
2024-10-03,0.00672266,-0.01134273,0.00246568
2024-10-04,-0.00098375,0.01207667,-0.01199024
2024-10-05,-0.00048037,-0.00213211,0.00128929
2024-10-06,8.169e-05,0.01015686,-0.01274168
2024-10-07,0.00111275,0.00095957,-9.43e-06
2024-10-08,0.00059189,0.00018717,0.0049634
2024-10-09,0.00396556,-0.00485323,-7.21e-06
2024-10-10,0.00104223,-0.00125048,-0.00501359
2024-10-11,-0.00267544,0.00986646,-0.00524305
2024-10-12,0.00383315,0.00596858,0.00023166
2024-10-13,0.00702276,0.00556471,-0.00644088
2024-10-14,-0.00733001,0.00877572,-0.00723667
2024-10-15,-0.01425863,-0.01340335,0.02505736
2024-10-16,-0.00554666,-0.00100698,0.01600251
2024-10-17,0.00307964,-0.00036942,0.00239772
2024-10-18,-0.01178411,0.002305,-0.00767441
2024-10-19,-0.00154527,0.00181945,0.00165169
2024-10-20,0.00188829,-0.00780496,0.00499507
2024-10-21,0.0021167,0.00372004,0.00201271
2024-10-22,-0.00466543,0.00191669,-0.00573411
2024-10-23,0.00142362,0.00362178,0.00087714
2024-10-24,-0.00127563,0.0044605,0.00032102
2024-10-25,0.00215587,0.01125191,0.00231681
2024-10-26,-0.00359766,-0.00292805,-0.00102577
2024-10-27,-0.00233333,-0.0015625,0.00253161
2024-10-28,0.00352456,0.0017762,0.00710006
2024-10-29,0.00237238,0.00212347,-0.00064809
2024-10-30,-0.00553044,-0.00342478,0.00291964
2024-10-31,-0.00108166,0.00103556,-0.00519579
2024-11-01,-0.00141441,0.00322214,0.00526395
2024-11-02,-0.000921,0.00446996,0.00077757
2024-11-03,0.00172417,0.00391783,0.00286643
2024-11-04,-0.00321528,0.00237346,0.00118785
2024-11-05,-0.00291141,-0.00611488,-0.00531593
2024-11-06,0.01281742,-0.00793394,0.00335536
2024-11-07,0.00515409,0.00581077,0.00983088
2024-11-08,0.00183501,0.00596619,0.0133945
2024-11-09,0.00238399,-0.00055737,-0.00065458
2024-11-10,0.00736666,0.01248759,0.01184917
2024-11-11,-0.0022864,0.003501,0.00622425
2024-11-12,-0.01157327,0.00701343,-0.00502653
2024-11-13,-0.01893111,0.00412769,-0.00960589
2024-11-14,-0.00028387,0.00412243,0.00844314
2024-11-15,-0.00500454,0.01841932,0.00227838
2024-11-16,0.01027915,-0.00402856,0.0181915
2024-11-17,-0.00714696,0.00755314,-0.00582424
2024-11-18,0.00488386,-0.01001607,0.00649916
2024-11-19,0.00115477,0.01037147,-0.00116941
2024-11-20,0.00457351,0.00737208,0.00148716
2024-11-21,0.00154328,-0.00161752,0.0056125
2024-11-22,0.01289496,0.00641571,0.00800908
2024-11-23,-0.00021132,-0.00551872,0.00367664
2024-11-24,-0.00310103,-0.00678461,-0.00128571
2024-11-25,0.0001881,-0.0027844,-0.00081789
2024-11-26,0.00487052,0.00404585,0.00311132
2024-11-27,0.00271775,-0.00188183,0.00225383
2024-11-28,-0.00561811,-0.00414399,-0.00160357
2024-11-29,0.00657974,0.00168419,-0.00546876
2024-11-30,-0.00408264,0.00563459,0.00298487
2024-12-01,0.00731072,-0.00213694,-0.00276094
2024-12-02,0.01269755,0.01963601,0.00165309
2024-12-03,-0.01272016,-0.00968602,0.0090358
2024-12-04,0.00423724,0.00037835,-0.00042841
2024-12-05,3.307e-05,-0.0022041,0.00014613
2024-12-06,0.00132511,0.0066083,-0.00280717
2024-12-07,-0.00363075,-0.00826087,-0.0038233
2024-12-08,0.00161551,0.00161092,0.0012586
2024-12-09,0.00949692,-0.00371894,0.00368839
2024-12-10,0.00535386,0.00349639,-0.00233974
2024-12-11,0.00013412,0.00242917,0.00351966
2024-12-12,0.00067578,0.00505465,0.00297153
2024-12-13,-0.00029977,0.00282314,-0.00080246
2024-12-14,0.00489847,0.00499257,0.00058182
2024-12-15,-0.00043847,0.00189718,-0.0016759
2024-12-16,-0.00081432,0.00272003,0.00190383
2024-12-17,0.00024726,0.00071483,0.0032469
2024-12-18,0.00252621,0.00480556,-0.00255472
2024-12-19,0.00440454,0.00754483,-0.00261615
2024-12-20,0.00277829,-0.00062145,-0.00569493
2024-12-21,0.00076858,0.00054165,0.00504306
2024-12-22,0.0007533,-0.00025942,-0.00731251
2024-12-23,-0.00202411,0.0001284,-0.0002468
2024-12-24,6.533e-05,-0.00177548,-0.00054773
2024-12-25,-0.00011236,6.908e-05,0.00490387
2024-12-26,-0.0002443,-0.00144677,0.00082785
2024-12-27,-0.00017183,-0.00363724,0.00076474
2024-12-28,0.00348424,0.00189894,-0.00048357
2024-12-29,0.00097534,-0.00274523,0.00023745
2024-12-30,0.00296846,0.00106595,0.00247726
2024-12-31,0.00138498,0.00198155,0.00111033
2025-01-01,-0.00551688,-0.01281911,-0.00511121
2025-01-02,-0.00073635,0.00099303,0.00154165
2025-01-03,0.00400571,-0.00051767,-0.00123151
2025-01-04,-0.00077382,-0.0020959,0.00470781
2025-01-05,-0.00354604,0.00109509,0.00581076
2025-01-06,0.00044187,-0.00310444,0.00354899
2025-01-07,0.0062049,-0.00100519,-0.00014657
2025-01-08,0.00753972,0.00260229,0.00322293
2025-01-09,-0.00742163,-0.0019496,0.0046675
2025-01-10,-0.00370016,-0.00014203,0.0026503
2025-01-11,0.00359006,0.00176468,-0.00746593
2025-01-12,-0.00443319,-0.00086616,0.00840855
2025-01-13,0.00173184,0.00397679,0.00476023
2025-01-14,-0.00649579,0.0005064,-0.00165376
2025-01-15,-0.0084689,0.00031792,-0.0071049
2025-01-16,-7.682e-05,0.0095696,0.00056923
2025-01-17,-9.577e-05,-0.00993805,0.00233277
2025-01-18,0.01412157,0.00533161,0.01592371
2025-01-19,0.00779937,0.00132265,0.00131367
2025-01-20,0.00321628,0.00614827,0.00762598
2025-01-21,-0.00188034,-0.00566558,0.00087117
2025-01-22,-0.00016797,-0.00218133,-0.0002586
2025-01-23,-0.0011051,0.00107698,0.00321592
2025-01-24,0.00512636,0.00428846,0.00537541
2025-01-25,0.00321684,0.00041548,3.359e-05
2025-01-26,-0.00018414,0.00101945,0.00297811
2025-01-27,0.00481434,0.00289258,0.00190626
2025-01-28,0.01034033,0.01110403,0.01579139
2025-01-29,-0.00509782,-0.00684412,-0.00726761
2025-01-30,0.00198023,-0.00167479,-0.00031555
2025-01-31,-0.00651827,-0.0081105,0.00260149
2025-02-01,-0.002179,0.00738554,0.01300475
2025-02-02,0.00587897,0.01716218,0.00103511
2025-02-03,0.01297773,0.00030563,-0.00227463
2025-02-04,0.00043523,0.00483705,-0.00194133
2025-02-05,-0.0024371,-0.00173748,0.00525211
2025-02-06,0.00539897,0.00546657,0.01289215
2025-02-07,0.0032803,0.00024409,-0.00014441
2025-02-08,-0.00082439,-0.0048912,-0.01061188
2025-02-09,-0.00690996,-0.00231673,0.00924929
2025-02-10,-0.00251385,0.00040787,0.00496904
2025-02-11,0.00130233,-0.00154321,0.00503719
2025-02-12,-0.00235454,-1.885e-05,0.00396336
2025-02-13,-0.00447981,0.00052082,-0.00206779
2025-02-14,0.00167343,-0.01615153,-0.00755232
2025-02-15,-0.00250494,0.00809563,0.00368978
2025-02-16,0.00137048,-0.00142608,0.00057393
2025-02-17,-0.0052261,0.00061503,0.0046557
2025-02-18,-0.00013382,0.00208288,-0.00105844
2025-02-19,-0.00049466,0.0017547,0.01051712
2025-02-20,0.00740404,-0.00520615,-0.01377035
2025-02-21,0.00610357,-0.00293198,-0.007708
2025-02-22,0.00397672,-0.00317438,-0.0021813
2025-02-23,-0.00111039,0.00439649,0.00345577
2025-02-24,0.0019718,0.00498278,-0.00014855
2025-02-25,0.00347524,0.00407695,-0.0100661
2025-02-26,0.00223238,0.01245887,-0.01442167
2025-02-27,0.00025848,-0.00570273,0.00689649
2025-02-28,0.00980917,0.0035294,-0.0013662
2025-03-01,0.00886011,-0.00577993,0.00766882
2025-03-02,-0.00968279,-0.02808902,0.0163721
2025-03-03,0.00329285,-0.00065867,0.00593805
2025-03-04,0.00138541,-0.00261862,-7.052e-05
2025-03-05,-0.02116356,-0.00086005,0.01019322
2025-03-06,0.00591493,-0.00115558,0.00112981
2025-03-07,0.00215221,-8.849e-05,-0.0023278
2025-03-08,0.00320099,-0.00092925,-0.00077379
2025-03-09,0.00108292,0.00276729,-0.00243087
2025-03-10,0.00253061,1.518e-05,-0.00309172
2025-03-11,-0.00181796,-0.00539575,-0.00287882
2025-03-12,0.01095625,-0.00511239,-4.256e-05
2025-03-13,0.00958676,-0.0044753,0.00455813
2025-03-14,-0.00606773,-0.00068572,-0.00343513
2025-03-15,-0.00380482,0.00337308,0.00039808
2025-03-16,-0.00739654,0.00714527,-0.00173557
2025-03-17,-0.01044891,0.0049301,-0.00465217
2025-03-18,0.00285766,-0.00098373,0.00320344
2025-03-19,-0.0061518,-0.00452616,-0.00166576
2025-03-20,0.00200669,0.00165743,0.00093506
2025-03-21,0.00094203,-4.487e-05,0.00234848
2025-03-22,-0.00446312,0.00260734,-0.00163506
2025-03-23,-0.00826262,-0.00782001,0.0032953
2025-03-24,-0.00303214,-0.00261957,-0.00100213
2025-03-25,-0.00162329,-0.00223288,0.00046228
2025-03-26,0.0028051,0.00307405,0.00208562
2025-03-27,0.00142388,0.00027964,0.00020904
2025-03-28,0.0060117,-0.00783766,0.00263904
2025-03-29,0.0037274,-0.00071137,0.00407407
2025-03-30,-0.00104451,-0.00057937,0.00067112
2025-03-31,-0.00032301,0.00208302,0.00401093
2025-04-01,-0.00391301,0.01025982,0.0056098
2025-04-02,-0.00030179,0.00339173,0.00524285
2025-04-03,-0.00300657,-0.00376558,-0.00271809
2025-04-04,0.00063844,0.0009659,-0.00141386
2025-04-05,0.00232596,2.729e-05,-0.00418234
2025-04-06,0.01274073,0.00824362,-0.00648083
2025-04-07,-0.00293834,-0.00337978,-0.00559304
2025-04-08,-0.00463977,-0.00191452,0.00449485
2025-04-09,-0.0020444,-0.00017351,-0.00247854
2025-04-10,0.00178928,0.00234311,-0.00321413
2025-04-11,0.00297286,0.00272357,-0.0006267
2025-04-12,-0.00558406,-0.00039356,-0.00763505
2025-04-13,0.00115604,-0.00103296,0.01476267
2025-04-14,0.00159417,-0.00314819,-6.133e-05
2025-04-15,0.00485614,-0.00024485,0.00094154
2025-04-16,-0.00027944,0.00407899,0.00341445
2025-04-17,0.00245846,-0.00164275,-0.00184623
2025-04-18,0.00120645,3.456e-05,-0.00418359
2025-04-19,-0.00161801,-0.00352624,-0.00013734
2025-04-20,-0.00500702,0.00118018,0.00131488
2025-04-21,-0.00020688,0.00044184,0.00192469
2025-04-22,-0.00739082,-0.00434584,-0.00439011
2025-04-23,-0.01116632,-0.00427937,-0.00373236
2025-04-24,0.00840947,0.01093007,-0.00600812
2025-04-25,-0.00517378,0.01136088,-0.00876261
2025-04-26,-0.00708708,-0.00049766,0.00026582
2025-04-27,0.00648722,-0.00573014,0.00142873
2025-04-28,0.00093783,0.0005534,-0.0006519
2025-04-29,0.00081769,-0.00337675,0.00524215
2025-04-30,0.15884893,0.14078829,-0.13763854
2025-05-01,-0.00810327,-0.00071099,0.01279672
2025-05-02,-0.00086107,0.00029255,0.00049516
2025-05-03,-4.58e-05,0.00053808,0.00134464
2025-05-04,6.28e-05,-0.00013468,0.00108384
2025-05-05,-4.1e-05,0.0020782,-0.00070249
2025-05-06,-0.00086327,0.00137817,0.00246353
2025-05-07,-0.00133028,0.00157169,-0.00149728
2025-05-08,-0.00316853,-0.00433756,0.00369936
2025-05-09,0.00091292,-0.00424613,-0.00097042
2025-05-10,-0.00386824,-0.00541049,0.0001547
2025-05-11,0.00031565,0.00045268,-0.00084909
2025-05-12,-0.00401521,0.00086401,0.0008504
2025-05-13,-0.00092751,0.00058182,-0.00203593
2025-05-14,0.00178052,-0.00216932,0.00365007
2025-05-15,0.00028133,-0.00203525,0.00380724
2025-05-16,0.00330891,-0.00111804,0.0020647
2025-05-17,-9.706e-05,-0.0016914,0.00084993
2025-05-18,-0.00401849,0.0070882,-0.00695226
2025-05-19,-0.00020291,0.00042189,0.0002598
2025-05-20,9.935e-05,-0.0013383,0.00106929
2025-05-21,-0.00062834,0.00016146,-0.00032401
2025-05-22,0.00084492,0.00111243,-0.00374731
2025-05-23,-0.00216199,0.00114747,0.00141456
2025-05-24,-0.00018345,-0.00058668,-0.00142927
2025-05-25,0.00047292,0.00054339,9.704e-05
2025-05-26,-0.00089175,0.00037306,0.00110609
2025-05-27,3.454e-05,-0.00074446,-9.286e-05
2025-05-28,0.00177582,0.00027367,-0.00025532
2025-05-29,0.00022354,-0.00038635,0.00087982
2025-05-30,0.0008142,0.00141885,0.00702901
2025-05-31,-0.00045418,-0.00110344,-0.0015349
2025-06-01,2.954e-05,-0.00094213,-0.00134137
2025-06-02,0.0009125,-6.363e-05,-0.00043871
2025-06-03,5.258e-05,0.00116874,-0.0002834
2025-06-04,-0.00067431,0.00184594,0.00288699
2025-06-05,-0.003055,-0.000855,0.00099486
2025-06-06,-0.0013049,-0.00299683,0.0029133
2025-06-07,0.00115845,0.00057095,-0.00275263
2025-06-08,0.00132515,0.00055006,-2.524e-05
2025-06-09,-0.00104886,-0.00019116,-0.00179498
2025-06-10,-0.00211645,-0.00165861,0.0014791
2025-06-11,-1.122e-05,-0.0002132,0.0034346
2025-06-12,0.00200374,0.00377744,0.00284093
2025-06-13,0.00096695,0.00249461,0.00194372
2025-06-14,2.984e-05,-0.00154334,-0.00056815
2025-06-15,0.00086086,0.00125046,0.0022518
2025-06-16,-0.00183442,0.00150697,0.00312623
2025-06-17,-0.00051299,0.0024416,0.00151828
2025-06-18,0.00139156,-0.00150837,-0.00266202
2025-06-19,0.0019553,0.00343014,0.00225669
2025-06-20,0.00181036,0.00129795,7.088e-05
2025-06-21,0.0003346,0.00206912,0.00226383
2025-06-22,0.00021475,0.00131011,-0.00284414
2025-06-23,0.00243471,-0.01119954,-0.0035911
2025-06-24,0.00224636,-0.00177844,0.0018321
2025-06-25,0.00109822,0.00288254,0.00828056
2025-06-26,-0.00193061,0.00296912,0.00051327
2025-06-27,0.00108952,-0.00021084,-8.131e-05
2025-06-28,-0.00161604,-0.00193161,-0.00306609
2025-06-29,0.00243964,-0.00406552,-0.00532012
2025-06-30,-0.00330244,0.00603697,0.00496347
2025-07-01,0.00216053,0.0019038,0.00152144
2025-07-02,0.00051002,-0.00873651,-0.00689795
2025-07-03,-0.00500606,-0.00145764,-0.00030181
2025-07-04,-0.00089292,0.00487685,-0.0002532
2025-07-05,0.00107641,0.0003262,0.00014742
2025-07-06,0.00104689,-0.00132924,0.00155825
2025-07-07,0.0004362,-0.00198309,0.00176182
2025-07-08,0.00098352,-0.0010922,0.00268947
2025-07-09,-0.00197401,-0.00249689,0.00069612
2025-07-10,0.00422737,-0.0082162,-0.00108799
2025-07-11,0.0006477,-0.00201253,0.00681867
2025-07-12,-0.00427518,0.00316755,0.00067328
2025-07-13,0.00569246,0.00251573,0.00014008
2025-07-14,-0.00584609,0.00159383,0.00219924
2025-07-15,0.00029159,-0.00106821,-0.00485091
2025-07-16,0.00402014,6.79e-05,0.0036417
2025-07-17,0.00071908,0.01155709,0.01950903
2025-07-18,0.00283203,-0.00215059,0.00590799
2025-07-19,-0.00163305,-0.00218155,0.00285489
2025-07-20,0.00205831,-0.00335805,0.003887
2025-07-21,-0.01208491,-0.00707471,-0.00853533
2025-07-22,-0.00326436,0.00327539,0.00244051
2025-07-23,0.00907548,0.00137863,-0.00625886
2025-07-24,0.00985764,0.00775213,0.00618726
2025-07-25,0.00866405,0.00193087,-0.00080423
2025-07-26,0.00190201,0.0021812,0.00138944
2025-07-27,0.00719445,-0.00058533,0.00467387
2025-07-28,0.00091293,0.00896123,-0.00128064
2025-07-29,0.0012294,-1.047e-05,0.00432704
2025-07-30,0.00233329,0.00520399,-0.00100925
2025-07-31,0.00164683,0.00203895,-0.00032783
2025-08-01,0.00264863,0.00166666,-0.00654895
2025-08-02,-0.00297883,-0.00139543,-0.00263385
2025-08-03,0.00202572,0.00302785,0.00326112
2025-08-04,-0.0027421,0.0015041,0.00963518
2025-08-05,-0.00312688,0.004718,-0.00083765
2025-08-06,0.00428228,-0.00106447,0.00138288
2025-08-07,-0.00069378,-0.00370925,0.00739063
2025-08-08,0.00118779,-0.00323779,0.00213452
2025-08-09,0.00709223,-0.00405365,-0.00367951
2025-08-10,0.00394389,0.0006123,-0.00063425
2025-08-11,0.00294411,0.01491519,0.00604058
2025-08-12,-0.01682318,7.877e-05,0.01606992
2025-08-13,0.00033285,-0.00111014,0.00530742
2025-08-14,0.00569051,0.00995895,0.00252614
2025-08-15,0.0045271,-0.00369429,-0.00267897
2025-08-16,-0.00083353,-0.00068356,-0.00064196
2025-08-17,0.00057653,0.00470656,0.00196719
2025-08-18,-0.00353121,0.00110042,-0.00353796
2025-08-19,-0.00158291,-0.00034574,-0.00846894
2025-08-20,-0.00079111,0.00017592,0.00414046
2025-08-21,-0.00227759,0.00046535,0.00048988
2025-08-22,-0.00092269,0.00021921,0.00651914
2025-08-23,0.00370683,0.00655654,1.3e-06
2025-08-24,-0.00335064,0.00226762,0.00050572
2025-08-25,0.00668302,-0.0031369,-0.00577758
2025-08-26,-0.00980024,-0.00822728,0.00795428
2025-08-27,-6.096e-05,-0.0006586,-0.0010112
2025-08-28,0.00744604,0.00212481,-0.00377523
2025-08-29,-0.00253134,-0.00027382,-0.00387343
2025-08-30,-0.00110701,0.00070141,-0.00160977
2025-08-31,0.00219709,-0.00076618,0.0011063
2025-09-01,-0.00264816,-0.00848433,0.00619562
2025-09-02,-0.00527888,-0.00226204,0.00032131
2025-09-03,-0.00119701,0.00408094,0.00117567
2025-09-04,0.00533466,-0.00412034,0.00129958
2025-09-05,0.00667895,0.00270874,-0.00655968
2025-09-06,-0.00522542,0.00092545,-0.01131957
2025-09-07,0.00287075,-0.00352363,0.00204123
2025-09-08,-0.0302128,0.01086747,-0.00414224
2025-09-09,-0.0131038,0.01461643,-0.00319288
2025-09-10,-0.00514239,-0.00093602,0.00767087
2025-09-11,0.00776694,-0.00637139,-0.00177304
2025-09-12,-0.0045184,-0.00144386,0.00638454
2025-09-13,-0.00056376,0.00777219,-0.00182587
2025-09-14,0.00747827,-0.00338625,0.00016333
2025-09-15,0.00541024,-0.0018941,0.00063937
2025-09-16,-0.00291555,0.00468349,0.00217581
2025-09-17,-0.00480005,0.00256569,-0.00085802
2025-09-18,0.00053893,0.00086293,-0.00087689
2025-09-19,0.00871035,0.00029209,0.00153389
2025-09-20,0.00225924,0.00083509,0.00267765
2025-09-21,0.00176864,0.00193944,0.00499767
2025-09-22,0.00174218,0.01507891,-0.00108421
2025-09-23,0.00691414,-0.00128888,-0.00241216
2025-09-24,-0.00510149,0.00516194,-0.00017486
2025-09-25,0.00525306,-0.0045044,-0.0072415
2025-09-26,0.00267468,-0.00162838,-0.00239416
2025-09-27,-0.00324922,-0.00141291,0.00286536
2025-09-28,-0.00153768,-0.00095247,0.0029466
2025-09-29,0.00178715,0.00090382,0.01011502
2025-09-30,-0.00109729,-0.00502657,-0.00023277
2025-10-01,0.00152799,-0.00246865,0.00826436
2025-10-02,-0.00425286,0.00298876,0.00389073
2025-10-03,0.00151975,0.00644411,0.00690655
2025-10-04,0.00228904,0.00316409,-0.00240581
2025-10-05,-0.00152769,0.00105167,0.00126025
2025-10-06,-0.00476908,-0.00859567,0.0031762
2025-10-07,0.00546312,0.01796833,0.00249003
2025-10-08,-0.00159905,-0.00695466,0.00139159
2025-10-09,-0.00353054,0.01202699,0.00094713
2025-10-10,0.0164434,0.02938633,-0.0049337
2025-10-11,0.00036997,-0.00301044,-0.01400807
2025-10-12,0.00227996,-0.00765166,0.01198773
2025-10-13,0.00979566,-0.01032929,-0.00832703
2025-10-14,0.00091338,0.00165984,-0.00463112
2025-10-15,-0.00085045,0.00081291,0.00039625
2025-10-16,0.00121611,-0.00032196,-0.00239816
2025-10-17,0.00280783,-0.00192427,-0.01180838
2025-10-18,-0.00050126,-0.00112209,0.00554887
2025-10-19,-0.00384043,0.00074871,0.0031753
2025-10-20,-0.00410083,-0.00068006,0.00168795
2025-10-21,0.00217098,0.00031196,-0.00256209
2025-10-22,0.00102376,-0.00284925,0.0064638
2025-10-23,-0.0018277,0.00151395,3.894e-05
2025-10-24,0.00098818,0.00048549,-0.00249115
2025-10-25,-0.00220313,-0.00095463,0.00219118
2025-10-26,0.0010711,0.00083343,0.00218664
2025-10-27,0.00517263,0.00661587,0.00331468
2025-10-28,0.00376577,-0.00097719,0.00183335
2025-10-29,0.00405447,0.00238439,-0.01256653
2025-10-30,0.00452068,0.00640696,0.00650494
2025-10-31,-0.00137902,0.01075039,-0.00076157
2025-11-01,-0.00368842,-0.00239087,-0.00072001
2025-11-02,-0.00472688,0.00082017,0.00115401
2025-11-03,0.01353417,0.01108826,-0.01044042
2025-11-04,0.00675664,-0.00377198,-0.01159849
2025-11-05,0.00500783,0.00032806,0.00182717
2025-11-06,0.0110368,0.01346584,-0.00839519
2025-11-07,0.03350798,0.0158171,-0.01670668
2025-11-08,-0.00696698,-5.449e-05,0.00321127
2025-11-09,-0.00555645,-0.0034736,0.00229482
2025-11-10,-0.00830701,-0.00153041,0.00772899
2025-11-11,-0.00023848,-0.00323088,0.00823766
2025-11-12,0.00451506,0.0002056,0.00081736
2025-11-13,0.00104951,0.0050699,-0.00277279
2025-11-14,0.01289438,0.00289552,-0.00780974
2025-11-15,0.00351984,-0.00098345,-0.00475895
2025-11-16,0.00146378,0.00102195,-0.00180477
2025-11-17,-0.00123623,0.00228088,0.00232332
2025-11-18,-4.719e-05,-0.00266366,0.00464338
2025-11-19,0.001241,0.0035147,-0.00544902
2025-11-20,0.00127958,0.00114437,-0.00265257
2025-11-21,-0.00276238,-0.00467316,0.01631908
2025-11-22,0.00012393,-0.00284782,0.00610196
2025-11-23,6.58e-05,-0.00309675,0.00266495
2025-11-24,-0.00522671,-0.00891026,0.00026723
2025-11-25,-0.0024467,-0.00143035,-0.00051903
2025-11-26,0.0047492,0.00601242,-0.00413277
2025-11-27,-0.00395902,-0.00426904,0.00529738
2025-11-28,-0.00356776,0.00360192,0.00465075
2025-11-29,-0.00218727,-0.00099559,-0.00042351
2025-11-30,-0.00270209,-0.00331231,0.00538137
2025-12-01,-0.00606197,0.00913317,-0.00242417
2025-12-02,-0.00890527,0.00214352,0.00920774
2025-12-03,0.00083892,-0.00046906,0.00351269
2025-12-04,-0.00139066,0.00031428,-0.00499361
2025-12-05,0.00305162,0.010628,-0.0007717
2025-12-06,0.00400095,0.00624805,-0.00169636
2025-12-07,-0.00563034,-0.00027444,0.00875032
2025-12-08,0.00439598,-0.0091822,-0.01012414
2025-12-09,0.01569524,0.00015991,-0.01451312
2025-12-10,-0.00117251,0.00587972,0.00473025
2025-12-11,-0.0009618,0.00338918,-0.00180801
2025-12-12,0.0009232,0.00258652,-0.00255408
2025-12-13,0.0020073,-0.00069749,-0.00056746
2025-12-14,-0.00062289,0.00051849,0.00324934
2025-12-15,0.00077519,0.00642049,-0.00651869
2025-12-16,-0.0006811,-0.00126213,0.00040684
2025-12-17,0.00923696,0.00275236,-0.00033471
2025-12-18,0.00588697,0.00241586,0.00398627
2025-12-19,-0.00214191,-0.00306223,-0.00278212
2025-12-20,-0.0017192,-0.0031971,-0.00403386
2025-12-21,0.00061864,0.00247909,-0.00049642
2025-12-22,0.00372362,-0.00050442,-0.00177784
2025-12-23,0.00757012,0.00428559,-0.0032392
2025-12-24,-0.00107452,0.00054382,-0.00577337
2025-12-25,0.00401101,0.00446831,-0.00366887
2025-12-26,-0.00321727,-0.00361723,0.00101776
2025-12-27,-0.00453602,-0.00234971,0.0030959
2025-12-28,-0.00667353,0.00372344,0.006209
2025-12-29,-0.00533391,0.00248226,0.00127559
2025-12-30,-0.00178221,0.00063895,0.00415247
2025-12-31,0.00349886,0.00139482,-0.00084881
2026-01-01,-0.00331854,-0.00353047,0.00084584
2026-01-02,-0.00847786,-0.01501475,0.00398894
2026-01-03,0.00755068,-0.00438092,-0.00528686
2026-01-04,0.00431603,-0.00336752,-0.00833694
2026-01-05,-0.00658946,0.00677052,0.01263172
2026-01-06,-0.0046764,-0.00282533,-0.00055054
2026-01-07,0.00043836,-0.00684102,0.00191216
2026-01-08,0.00912265,-0.00224183,-0.00462189
2026-01-09,0.00257472,-0.00242714,-0.00552811
2026-01-10,0.00078422,0.00123267,0.00607193
2026-01-11,-0.00652817,0.00244639,0.00182892
2026-01-12,0.00021148,-0.00255158,-0.00269947
2026-01-13,-0.00454226,0.00085291,-0.00036489
2026-01-14,-0.01204008,-0.00560356,-0.00657557
2026-01-15,-0.02395324,-0.00114297,-0.00516391
2026-01-16,0.00437784,0.00458149,-0.0047821
2026-01-17,-0.00042946,-0.00896859,0.01094919
2026-01-18,0.00272585,0.01452497,-0.00374377
2026-01-19,-0.00362362,0.00117263,0.00175765
2026-01-20,0.00891539,0.0082759,-0.00559065
2026-01-21,0.00853337,0.00034164,-0.00722954
2026-01-22,0.00398925,0.00633411,-0.00209283
2026-01-23,-0.0004083,0.00151199,-0.00097222
2026-01-24,-0.00377177,-0.00330727,0.00331396
2026-01-25,-0.00107951,-0.0008949,0.00512553
2026-01-26,-0.00139051,0.00212145,-0.00072167
2026-01-27,0.00631766,0.02273377,-0.01169839
2026-01-28,-0.00640794,-0.00907782,0.00844342
2026-01-29,-0.00123328,-0.00233194,0.00068521
2026-01-30,-0.00528795,-0.0069212,0.00242234
2026-01-31,-0.00359114,-0.00202386,0.00100481
2026-02-01,0.00221609,0.00147183,-0.00313731
2026-02-02,0.00026063,-0.00497962,0.00717794
2026-02-03,0.00184482,0.00288517,-0.00142865
2026-02-04,0.00067589,0.00611161,-0.00548069
2026-02-05,0.00210568,0.00325596,-0.01822376
2026-02-06,-0.0043163,-0.00712849,0.01640453
2026-02-07,0.00106611,0.00041931,-0.00164885
2026-02-08,0.00097964,0.01080957,-0.01311457
2026-02-09,1.216e-05,-0.00061003,0.00040366
2026-02-10,-0.00656536,0.01123757,-0.00789454
2026-02-11,-0.00716789,0.00915871,-0.00625249
2026-02-12,0.00128238,0.00017494,-0.00225535
2026-02-13,-0.00388946,0.00018878,0.00206451
2026-02-14,-0.00825245,0.00317678,-0.00625963
2026-02-15,0.0032749,-0.00261798,-0.00100106
2026-02-16,-0.00321419,-0.00122553,-0.00049307
2026-02-17,0.00090808,-0.00536768,0.00267966
2026-02-18,-0.0021743,-0.00204881,0.00529488
2026-02-19,-0.00089149,-0.00164408,0.00078059
2026-02-20,0.00472175,-0.00369635,0.00234299
2026-02-21,-0.00211212,0.00287977,0.0014809
2026-02-22,-0.00548392,0.00425097,-0.00635126
2026-02-23,-0.00910702,0.00917947,-0.01990361
2026-02-24,0.00838288,-0.00368307,-0.00296541
2026-02-25,0.00037222,-0.00773396,0.01439661
2026-02-26,-0.00040191,-0.00059423,-0.00052724
2026-02-27,-0.00177681,-0.00117154,0.00310204
2026-02-28,0.01659359,-0.00012993,-0.00259651
2026-03-01,-0.01306088,-0.00968638,-0.00272097
2026-03-02,-0.01253407,0.001269,-0.01012452
2026-03-03,0.01043377,0.0009054,0.00626733
2026-03-04,0.0011361,-0.007305,0.00417965
2026-03-05,-0.00152753,0.00324171,-0.00305862
2026-03-06,-0.00253865,0.00062163,-0.0021969
2026-03-07,0.00412501,0.00421053,0.00255514
2026-03-08,0.00045341,-0.0010857,-0.00046207
2026-03-09,-0.0053889,0.00419937,0.00095725
2026-03-10,0.00067248,-2.934e-05,-0.00128411
2026-03-11,0.00025488,0.00461182,-0.0007665
2026-03-12,-0.00025869,0.00467782,-0.00207155
2026-03-13,0.00667106,-0.00987743,0.00373784
2026-03-14,0.00556722,-0.00080109,-0.00527096
2026-03-15,0.0010682,0.00338072,0.00404168
2026-03-16,-0.01068226,-0.01271351,0.01058862
2026-03-17,-5.487e-05,0.00300919,-0.00045131
2026-03-18,0.00359436,0.00480305,-0.00830605
2026-03-19,-0.00293555,-0.00340544,0.00252248
2026-03-20,-0.00186753,-0.00215689,7.821e-05
2026-03-21,0.003023,-0.00637898,-0.00299213
2026-03-22,0.02531564,0.01805453,-0.01873709
2026-03-23,-0.00374469,0.00813645,0.00700537
2026-03-24,-0.00604083,-0.00859314,0.0047759
2026-03-25,0.01052163,0.01840062,-0.00509167
2026-03-26,0.00117269,-0.00498926,0.00035482
2026-03-27,-0.00504296,-0.00406468,0.00267084
2026-03-28,0.00882262,0.01158494,-0.0112886
2026-03-29,0.00148949,0.00042098,-0.00018522
2026-03-30,-0.00154326,0.00033158,0.0008344
2026-03-31,-0.00747933,-0.00259469,0.00844883
2026-04-01,-0.01055253,-0.00341638,0.00414015
2026-04-02,-0.00378169,0.00023106,0.00117069
2026-04-03,0.00149924,0.00024811,0.00867304
2026-04-04,0.03672848,0.00209482,-0.03303376
2026-04-05,0.00053844,-0.00106658,0.00200033
2026-04-06,-0.00247329,-0.0008807,0.00023834
2026-04-07,-0.00091053,0.00169198,0.00166161
2026-04-08,-0.00134005,0.0005773,0.00045855
2026-04-09,0.00637589,0.00189795,-0.00202012
2026-04-10,-0.00363933,0.00018881,0.0017644
2026-04-11,-0.00379619,-0.00015805,-6.533e-05
2026-04-12,0.00476599,-0.0023137,-0.00228605
2026-04-13,-0.00435852,0.00418857,0.00416899
2026-04-14,-0.00565767,0.00703833,0.00504581
2026-04-15,0.00094209,0.01066734,-0.00360574
2026-04-16,0.00979029,-0.00990987,-0.02408986
2026-04-17,-0.00498382,-0.00023504,0.01842561
2026-04-18,0.00593928,0.00105867,0.00402129
2026-04-19,0.00120422,0.00044948,0.00526718
2026-04-20,0.00229191,-3.716e-05,-0.00087945
2026-04-21,2.466e-05,-0.0038579,-0.00028897
2026-04-22,-0.00170452,-0.00721897,0.00547902
2026-04-23,0.00305989,0.00136929,-0.0027549
2026-04-24,-0.00209557,-0.00276882,-0.00178496
2026-04-25,-0.00234572,0.00267743,-0.00339414
2026-04-26,-0.00038905,-0.0019404,0.00060787
2026-04-27,0.00078558,-0.00103952,-0.00212812
2026-04-28,-8.811e-05,0.00145537,-0.00418019
2026-04-29,-0.00095587,0.0011764,-0.00021581
2026-04-30,-0.00085973,0.00489344,5.046e-05
2026-05-01,0.00015563,0.00663504,-0.00123321
2026-05-02,0.00141945,5.361e-05,0.00020325
2026-05-03,0.00093106,-0.00142681,0.00166979
2026-05-04,-0.00512623,0.00544019,-0.00028756
2026-05-05,-0.00669842,0.00988215,0.00100361
2026-05-06,-0.01045933,0.00823139,-0.00191756
2026-05-07,0.00482273,-0.00531261,-0.00400957
2026-05-08,0.00365693,0.00086754,-0.0017499
2026-05-09,0.000666,0.000487,-0.00267467
2026-05-10,-0.00348795,0.00458917,0.00678452
2026-05-11,0.00114632,0.00119738,0.00289969
2026-05-12,-0.00577296,-0.00444537,-0.00665035
2026-05-13,-0.00486074,-0.0025173,-0.00120949
2026-05-14,-0.00193884,-3.535e-05,0.00977637
2026-05-15,0.00040419,-0.0066043,0.00134737
2026-05-16,0.00317278,-0.00243094,0.00026913
2026-05-17,0.00072053,0.00156858,0.00098073
2026-05-18,0.00242869,-0.00033375,-0.00117758
2026-05-19,0.00597207,-0.00545943,0.0022456
2026-05-20,0.00070694,0.00488819,-0.00098853
2026-05-21,0.00264954,0.00184642,0.00404742
2026-05-22,-0.00442129,0.00291757,-0.00205646
2026-05-23,-0.00111901,0.00608949,0.00050325
2026-05-24,-0.00247936,0.0046684,-0.00191258
2026-05-25,0.00770594,-0.00057514,-0.00661549
2026-05-26,-0.00050748,-0.00574025,0.00178037
2026-05-27,-0.00430565,-0.00581577,0.00316276
2026-05-28,-0.00150279,-0.00527396,0.00162358
2026-05-29,-0.00287689,0.00211923,-0.00199772
2026-05-30,0.00178656,0.0100523,0.00125397
2026-05-31,0.00286024,0.01209215,-0.01078665
2026-06-01,0.01195045,0.01892626,-0.01435165
2026-06-02,0.00963022,0.00215171,-0.00175726
2026-06-03,0.00634723,0.01478327,-0.00983846
2026-06-04,-0.00426184,-0.01012892,0.00093166
2026-06-05,-0.00263106,0.0104529,-0.00920651
2026-06-06,-0.00901222,0.01241266,-0.02332251
2026-06-07,-0.00133939,0.00111202,0.00132929
2026-06-08,0.00379063,-0.00168581,0.00373379
2026-06-09,0.00059643,0.00492351,-0.00671261
2026-06-10,-0.0078662,-0.00212238,0.00213235
2026-06-11,0.01010711,0.01766382,-0.01168542
2026-06-12,0.00216434,-0.00287189,0.00010124
2026-06-13,3.607e-05,0.0007599,0.00195303
2026-06-14,0.00890245,-0.00426711,0.00061727
2026-06-15,0.0089116,-0.00601682,0.00637712
2026-06-16,-0.00234049,-0.00071619,-0.00771271
2026-06-17,0.00654311,-0.00903632,0.00374163
2026-06-18,-0.0066338,-0.00264323,-0.01179373
2026-06-19,-0.00151815,0.0021262,0.00401692
2026-06-20,-0.00024278,0.00037741,0.00275481
2026-06-21,0.00037845,-0.0001692,-0.00370963
2026-06-22,-0.00221652,-0.00119414,0.00341022
2026-06-23,-0.00714647,-0.00420514,-0.00370109
2026-06-24,-0.00082629,0.00285783,0.00343812
2026-06-25,-0.000717,0.00330184,-0.00386164
2026-06-26,-0.00354558,0.00367605,-0.00209913
2026-06-27,-0.01238643,0.00130928,-0.00626782
2026-06-28,0.00617727,0.00260948,-0.00010652
2026-06-29,0.00924592,0.00409009,0.00157187
2026-06-30,0.00635615,0.00096568,-0.00374654
2026-07-01,-0.00142836,-0.00581629,0.00922754
2026-07-02,0.01071639,-0.00574366,0.0055651
2026-07-03,-0.00180955,-0.00701728,0.00946048
2026-07-04,0.01349587,-0.00639675,-0.00848003
2026-07-05,0.00411432,0.00085691,0.00236289
2026-07-06,0.00258143,-0.00030753,0.00049897
2026-07-07,0.00149891,0.00637634,0.00519621
2026-07-08,-0.00644384,0.00164058,0.003279
2026-07-09,-0.00445704,-0.00306465,-0.00150603
2026-07-10,0.000319,0.00442974,0.00642554
2026-07-11,-0.00117167,0.00465118,0.00501793
2026-07-12,0.00011481,0.00125176,0.0023017
2026-07-13,-0.00189333,0.00258091,0.00074938
2026-07-14,-0.00341245,0.00236482,0.00552662
2026-07-15,0.00190054,-0.00245627,0.00173661
2026-07-16,-0.00653109,-0.00015159,-0.00617819
2026-07-17,0.00135035,0.00155426,0.00238801
2026-07-18,0.00205749,-0.00440819,-0.00201743
2026-07-19,0.00969912,4.546e-05,0.00258341
2026-07-20,-0.0028688,-0.00042391,0.00274671
2026-07-21,0.00777786,0.00841981,0.00247766
2026-07-22,-0.00201088,0.0019524,-0.0008962
2026-07-23,-0.00713703,0.01703601,-0.00657541
2026-07-24,0.0192288,-0.02776471,-0.01982469
2026-07-25,0.00943256,-0.00045627,-0.00491238
2026-07-26,-0.00838123,0.00175155,0.00987433
2026-07-27,0.00334063,0.00211489,-0.00186399
2026-07-28,0.00142273,-0.00068815,0.00072319
2026-07-29,0.00063938,-0.00044932,0.00099688
2026-07-30,-0.00591558,-0.00169809,0.00820019
2026-07-31,0.00508677,-0.00135441,-0.00470315
2026-08-01,-0.0011299,0.00143481,-0.00083405
2026-08-02,-0.00437003,-0.00747112,0.00798438
2026-08-03,-0.00178449,-0.0046273,0.00123518
2026-08-04,0.00365929,0.00064606,-0.00122544
2026-08-05,-0.00108646,-0.00144101,0.00267763
2026-08-06,0.00142439,0.00100751,-0.00100412
2026-08-07,0.00065537,-0.00264618,0.00337625
2026-08-08,-0.00083321,-0.00354955,0.00175525
2026-08-09,0.00093831,-0.0033142,4.851e-05
2026-08-10,0.00334297,0.00345283,0.00280038
2026-08-11,4.713e-05,1.658e-05,0.00884306
2026-08-12,0.00553732,0.00188871,-0.0002205
2026-08-13,-0.0038012,-0.00165325,0.00125279
2026-08-14,0.00030941,0.00361561,-0.0030603
2026-08-15,-0.00692716,0.00587773,0.00691835
2026-08-16,0.00031353,0.00146793,0.00087161
2026-08-17,0.00381424,0.00321843,0.00552002
2026-08-18,0.00764719,0.001866,-0.00265116
2026-08-19,-0.00722751,0.00157504,0.02007028
2026-08-20,0.00947108,0.00191638,0.00642778
2026-08-21,-0.00433521,-0.00415082,0.00458919
2026-08-22,0.00150296,0.00865532,-0.00190654
2026-08-23,0.00121738,0.00254475,0.00281152
2026-08-24,-0.00117613,-0.00371719,0.00097964
