date,event,announce_utc
2012-01-12,ECB,2012-01-12 12:45:00+00:00
2012-01-25,FOMC,2012-01-25 19:00:00+00:00
2012-02-09,ECB,2012-02-09 12:45:00+00:00
2012-03-08,ECB,2012-03-08 12:45:00+00:00
2012-03-13,FOMC,2012-03-13 18:00:00+00:00
2012-04-04,ECB,2012-04-04 11:45:00+00:00
2012-04-25,FOMC,2012-04-25 18:00:00+00:00
2012-05-03,ECB,2012-05-03 11:45:00+00:00
2012-06-06,ECB,2012-06-06 11:45:00+00:00
2012-06-20,FOMC,2012-06-20 18:00:00+00:00
2012-07-05,ECB,2012-07-05 11:45:00+00:00
2012-08-01,FOMC,2012-08-01 18:00:00+00:00
2012-08-02,ECB,2012-08-02 11:45:00+00:00
2012-09-06,ECB,2012-09-06 11:45:00+00:00
2012-09-13,FOMC,2012-09-13 18:00:00+00:00
2012-10-04,ECB,2012-10-04 11:45:00+00:00
2012-10-24,FOMC,2012-10-24 18:00:00+00:00
2012-11-08,ECB,2012-11-08 12:45:00+00:00
2012-12-06,ECB,2012-12-06 12:45:00+00:00
2012-12-12,FOMC,2012-12-12 19:00:00+00:00
2013-01-10,ECB,2013-01-10 12:45:00+00:00
2013-01-30,FOMC,2013-01-30 19:00:00+00:00
2013-02-07,ECB,2013-02-07 12:45:00+00:00
2013-03-07,ECB,2013-03-07 12:45:00+00:00
2013-03-20,FOMC,2013-03-20 18:00:00+00:00
2013-04-04,ECB,2013-04-04 11:45:00+00:00
2013-05-01,FOMC,2013-05-01 18:00:00+00:00
2013-05-02,ECB,2013-05-02 11:45:00+00:00
2013-06-06,ECB,2013-06-06 11:45:00+00:00
2013-06-19,FOMC,2013-06-19 18:00:00+00:00
2013-07-04,ECB,2013-07-04 11:45:00+00:00
2013-07-31,FOMC,2013-07-31 18:00:00+00:00
2013-08-01,ECB,2013-08-01 11:45:00+00:00
2013-09-05,ECB,2013-09-05 11:45:00+00:00
2013-09-18,FOMC,2013-09-18 18:00:00+00:00
2013-10-02,ECB,2013-10-02 11:45:00+00:00
2013-10-30,FOMC,2013-10-30 18:00:00+00:00
2013-11-07,ECB,2013-11-07 12:45:00+00:00
2013-12-05,ECB,2013-12-05 12:45:00+00:00
2013-12-18,FOMC,2013-12-18 19:00:00+00:00
2014-01-09,ECB,2014-01-09 12:45:00+00:00
2014-01-29,FOMC,2014-01-29 19:00:00+00:00
2014-02-06,ECB,2014-02-06 12:45:00+00:00
2014-03-06,ECB,2014-03-06 12:45:00+00:00
2014-03-19,FOMC,2014-03-19 18:00:00+00:00
2014-04-03,ECB,2014-04-03 11:45:00+00:00
2014-04-30,FOMC,2014-04-30 18:00:00+00:00
2014-05-08,ECB,2014-05-08 11:45:00+00:00
2014-06-05,ECB,2014-06-05 11:45:00+00:00
2014-06-18,FOMC,2014-06-18 18:00:00+00:00
2014-07-03,ECB,2014-07-03 11:45:00+00:00
2014-07-30,FOMC,2014-07-30 18:00:00+00:00
2014-08-07,ECB,2014-08-07 11:45:00+00:00
2014-09-04,ECB,2014-09-04 11:45:00+00:00
2014-09-17,FOMC,2014-09-17 18:00:00+00:00
2014-10-02,ECB,2014-10-02 11:45:00+00:00
2014-10-29,FOMC,2014-10-29 18:00:00+00:00
2014-11-06,ECB,2014-11-06 12:45:00+00:00
2014-12-04,ECB,2014-12-04 12:45:00+00:00
2014-12-17,FOMC,2014-12-17 19:00:00+00:00
2015-01-22,ECB,2015-01-22 12:45:00+00:00
2015-01-28,FOMC,2015-01-28 19:00:00+00:00
2015-03-05,ECB,2015-03-05 12:45:00+00:00
2015-03-18,FOMC,2015-03-18 18:00:00+00:00
2015-04-15,ECB,2015-04-15 11:45:00+00:00
2015-04-29,FOMC,2015-04-29 18:00:00+00:00
2015-06-03,ECB,2015-06-03 11:45:00+00:00
2015-06-17,FOMC,2015-06-17 18:00:00+00:00
2015-07-16,ECB,2015-07-16 11:45:00+00:00
2015-07-29,FOMC,2015-07-29 18:00:00+00:00
2015-09-03,ECB,2015-09-03 11:45:00+00:00
2015-09-17,FOMC,2015-09-17 18:00:00+00:00
2015-10-22,ECB,2015-10-22 11:45:00+00:00
2015-10-28,FOMC,2015-10-28 18:00:00+00:00
2015-12-03,ECB,2015-12-03 12:45:00+00:00
2015-12-16,FOMC,2015-12-16 19:00:00+00:00
2016-01-21,ECB,2016-01-21 12:45:00+00:00
2016-01-27,FOMC,2016-01-27 19:00:00+00:00
2016-03-10,ECB,2016-03-10 12:45:00+00:00
2016-03-16,FOMC,2016-03-16 18:00:00+00:00
2016-04-21,ECB,2016-04-21 11:45:00+00:00
2016-04-27,FOMC,2016-04-27 18:00:00+00:00
2016-06-02,ECB,2016-06-02 11:45:00+00:00
2016-06-15,FOMC,2016-06-15 18:00:00+00:00
2016-07-21,ECB,2016-07-21 11:45:00+00:00
2016-07-27,FOMC,2016-07-27 18:00:00+00:00
2016-09-08,ECB,2016-09-08 11:45:00+00:00
2016-09-21,FOMC,2016-09-21 18:00:00+00:00
2016-10-20,ECB,2016-10-20 11:45:00+00:00
2016-11-02,FOMC,2016-11-02 18:00:00+00:00
2016-12-08,ECB,2016-12-08 12:45:00+00:00
2016-12-14,FOMC,2016-12-14 19:00:00+00:00
2017-01-19,ECB,2017-01-19 12:45:00+00:00
2017-02-01,FOMC,2017-02-01 19:00:00+00:00
2017-03-09,ECB,2017-03-09 12:45:00+00:00
2017-03-15,FOMC,2017-03-15 18:00:00+00:00
2017-04-27,ECB,2017-04-27 11:45:00+00:00
2017-05-03,FOMC,2017-05-03 18:00:00+00:00
2017-06-08,ECB,2017-06-08 11:45:00+00:00
2017-06-14,FOMC,2017-06-14 18:00:00+00:00
2017-07-20,ECB,2017-07-20 11:45:00+00:00
2017-07-26,FOMC,2017-07-26 18:00:00+00:00
2017-09-07,ECB,2017-09-07 11:45:00+00:00
2017-09-20,FOMC,2017-09-20 18:00:00+00:00
2017-10-26,ECB,2017-10-26 11:45:00+00:00
2017-11-01,FOMC,2017-11-01 18:00:00+00:00
2017-12-13,FOMC,2017-12-13 19:00:00+00:00
2017-12-14,ECB,2017-12-14 12:45:00+00:00
2018-01-25,ECB,2018-01-25 12:45:00+00:00
2018-01-31,FOMC,2018-01-31 19:00:00+00:00
2018-03-08,ECB,2018-03-08 12:45:00+00:00
2018-03-21,FOMC,2018-03-21 18:00:00+00:00
2018-04-26,ECB,2018-04-26 11:45:00+00:00
2018-05-02,FOMC,2018-05-02 18:00:00+00:00
2018-06-13,FOMC,2018-06-13 18:00:00+00:00
2018-06-14,ECB,2018-06-14 11:45:00+00:00
2018-07-26,ECB,2018-07-26 11:45:00+00:00
2018-08-01,FOMC,2018-08-01 18:00:00+00:00
2018-09-13,ECB,2018-09-13 11:45:00+00:00
2018-09-26,FOMC,2018-09-26 18:00:00+00:00
2018-10-25,ECB,2018-10-25 11:45:00+00:00
2018-11-08,FOMC,2018-11-08 19:00:00+00:00
2018-12-13,ECB,2018-12-13 12:45:00+00:00
2018-12-19,FOMC,2018-12-19 19:00:00+00:00
2019-01-24,ECB,2019-01-24 12:45:00+00:00
2019-01-30,FOMC,2019-01-30 19:00:00+00:00
2019-03-07,ECB,2019-03-07 12:45:00+00:00
2019-03-20,FOMC,2019-03-20 18:00:00+00:00
2019-04-10,ECB,2019-04-10 11:45:00+00:00
2019-05-01,FOMC,2019-05-01 18:00:00+00:00
2019-06-06,ECB,2019-06-06 11:45:00+00:00
2019-06-19,FOMC,2019-06-19 18:00:00+00:00
2019-07-25,ECB,2019-07-25 11:45:00+00:00
2019-07-31,FOMC,2019-07-31 18:00:00+00:00
2019-09-12,ECB,2019-09-12 11:45:00+00:00
2019-09-18,FOMC,2019-09-18 18:00:00+00:00
2019-10-24,ECB,2019-10-24 11:45:00+00:00
2019-10-30,FOMC,2019-10-30 18:00:00+00:00
2019-12-11,FOMC,2019-12-11 19:00:00+00:00
2019-12-12,ECB,2019-12-12 12:45:00+00:00
2020-01-23,ECB,2020-01-23 12:45:00+00:00
2020-01-29,FOMC,2020-01-29 19:00:00+00:00
2020-03-12,ECB,2020-03-12 12:45:00+00:00
2020-04-29,FOMC,2020-04-29 18:00:00+00:00
2020-04-30,ECB,2020-04-30 11:45:00+00:00
2020-06-04,ECB,2020-06-04 11:45:00+00:00
2020-06-10,FOMC,2020-06-10 18:00:00+00:00
2020-07-16,ECB,2020-07-16 11:45:00+00:00
2020-07-29,FOMC,2020-07-29 18:00:00+00:00
2020-09-10,ECB,2020-09-10 11:45:00+00:00
2020-09-16,FOMC,2020-09-16 18:00:00+00:00
2020-10-29,ECB,2020-10-29 12:45:00+00:00
2020-11-05,FOMC,2020-11-05 19:00:00+00:00
2020-12-10,ECB,2020-12-10 12:45:00+00:00
2020-12-16,FOMC,2020-12-16 19:00:00+00:00
2021-01-21,ECB,2021-01-21 12:45:00+00:00
2021-01-27,FOMC,2021-01-27 19:00:00+00:00
2021-03-11,ECB,2021-03-11 12:45:00+00:00
2021-03-17,FOMC,2021-03-17 18:00:00+00:00
2021-04-22,ECB,2021-04-22 11:45:00+00:00
2021-04-28,FOMC,2021-04-28 18:00:00+00:00
2021-06-10,ECB,2021-06-10 11:45:00+00:00
2021-06-16,FOMC,2021-06-16 18:00:00+00:00
2021-07-22,ECB,2021-07-22 11:45:00+00:00
2021-07-28,FOMC,2021-07-28 18:00:00+00:00
2021-09-09,ECB,2021-09-09 11:45:00+00:00
2021-09-22,FOMC,2021-09-22 18:00:00+00:00
2021-10-28,ECB,2021-10-28 11:45:00+00:00
2021-11-03,FOMC,2021-11-03 18:00:00+00:00
2021-12-15,FOMC,2021-12-15 19:00:00+00:00
2021-12-16,ECB,2021-12-16 12:45:00+00:00
2022-01-26,FOMC,2022-01-26 19:00:00+00:00
2022-02-03,ECB,2022-02-03 12:45:00+00:00
2022-03-10,ECB,2022-03-10 12:45:00+00:00
2022-03-16,FOMC,2022-03-16 18:00:00+00:00
2022-04-14,ECB,2022-04-14 11:45:00+00:00
2022-05-04,FOMC,2022-05-04 18:00:00+00:00
2022-06-09,ECB,2022-06-09 11:45:00+00:00
2022-06-15,FOMC,2022-06-15 18:00:00+00:00
2022-07-21,ECB,2022-07-21 11:45:00+00:00
2022-07-27,FOMC,2022-07-27 18:00:00+00:00
2022-09-08,ECB,2022-09-08 11:45:00+00:00
2022-09-21,FOMC,2022-09-21 18:00:00+00:00
2022-10-27,ECB,2022-10-27 11:45:00+00:00
2022-11-02,FOMC,2022-11-02 18:00:00+00:00
2022-12-14,FOMC,2022-12-14 19:00:00+00:00
2022-12-15,ECB,2022-12-15 12:45:00+00:00
2023-02-01,FOMC,2023-02-01 19:00:00+00:00
2023-02-02,ECB,2023-02-02 12:45:00+00:00
2023-03-16,ECB,2023-03-16 12:45:00+00:00
2023-03-22,FOMC,2023-03-22 18:00:00+00:00
2023-05-03,FOMC,2023-05-03 18:00:00+00:00
2023-05-04,ECB,2023-05-04 11:45:00+00:00
2023-06-14,FOMC,2023-06-14 18:00:00+00:00
2023-06-15,ECB,2023-06-15 11:45:00+00:00
2023-07-26,FOMC,2023-07-26 18:00:00+00:00
2023-07-27,ECB,2023-07-27 11:45:00+00:00
2023-09-14,ECB,2023-09-14 11:45:00+00:00
2023-09-20,FOMC,2023-09-20 18:00:00+00:00
2023-10-26,ECB,2023-10-26 11:45:00+00:00
2023-11-01,FOMC,2023-11-01 18:00:00+00:00
2023-12-13,FOMC,2023-12-13 19:00:00+00:00
2023-12-14,ECB,2023-12-14 12:45:00+00:00
2024-01-25,ECB,2024-01-25 12:45:00+00:00
2024-01-31,FOMC,2024-01-31 19:00:00+00:00
2024-03-07,ECB,2024-03-07 12:45:00+00:00
2024-03-20,FOMC,2024-03-20 18:00:00+00:00
2024-04-11,ECB,2024-04-11 11:45:00+00:00
2024-05-01,FOMC,2024-05-01 18:00:00+00:00
2024-06-06,ECB,2024-06-06 11:45:00+00:00
2024-06-12,FOMC,2024-06-12 18:00:00+00:00
2024-07-18,ECB,2024-07-18 11:45:00+00:00
2024-07-31,FOMC,2024-07-31 18:00:00+00:00
2024-09-12,ECB,2024-09-12 11:45:00+00:00
2024-09-18,FOMC,2024-09-18 18:00:00+00:00
2024-10-17,ECB,2024-10-17 11:45:00+00:00
2024-11-07,FOMC,2024-11-07 19:00:00+00:00
2024-12-12,ECB,2024-12-12 12:45:00+00:00
2024-12-18,FOMC,2024-12-18 19:00:00+00:00
2025-01-29,FOMC,2025-01-29 19:00:00+00:00
2025-01-30,ECB,2025-01-30 12:45:00+00:00
2025-03-06,ECB,2025-03-06 12:45:00+00:00
2025-03-19,FOMC,2025-03-19 18:00:00+00:00
2025-04-17,ECB,2025-04-17 11:45:00+00:00
2025-05-07,FOMC,2025-05-07 18:00:00+00:00
2025-06-05,ECB,2025-06-05 11:45:00+00:00
2025-06-18,FOMC,2025-06-18 18:00:00+00:00
2025-07-24,ECB,2025-07-24 11:45:00+00:00
2025-07-30,FOMC,2025-07-30 18:00:00+00:00
2025-09-11,ECB,2025-09-11 11:45:00+00:00
2025-09-17,FOMC,2025-09-17 18:00:00+00:00
2025-10-29,FOMC,2025-10-29 18:00:00+00:00
2025-10-30,ECB,2025-10-30 12:45:00+00:00
2025-12-10,FOMC,2025-12-10 19:00:00+00:00
2025-12-18,ECB,2025-12-18 12:45:00+00:00
2026-01-28,FOMC,2026-01-28 19:00:00+00:00
2026-03-18,FOMC,2026-03-18 18:00:00+00:00
2026-04-29,FOMC,2026-04-29 18:00:00+00:00
2026-06-17,FOMC,2026-06-17 18:00:00+00:00
2026-07-29,FOMC,2026-07-29 18:00:00+00:00
2026-09-16,FOMC,2026-09-16 18:00:00+00:00
2026-10-28,FOMC,2026-10-28 18:00:00+00:00
2026-12-09,FOMC,2026-12-09 19:00:00+00:00
