symbol,base,sector
ETHUSDT,ETH,Layer-1
BTCUSDT,BTC,PoW
ZECUSDT,ZEC,PoW
XRPUSDT,XRP,Payment
SOLUSDT,SOL,Layer-1
HYPEUSDT,HYPE,DeFi
TRUMPUSDT,TRUMP,Meme
ENAUSDT,ENA,DeFi
DOGEUSDT,DOGE,Meme
PUMPUSDT,PUMP,Meme
TUTUSDT,TUT,Meme
AAVEUSDT,AAVE,DeFi
BNBUSDT,BNB,Layer-1
SUIUSDT,SUI,Layer-1
1000PEPEUSDT,1000PEPE,Meme
PENGUUSDT,PENGU,Meme
NEARUSDT,NEAR,Layer-1
LITUSDT,LIT,DeFi
UNIUSDT,UNI,DeFi
SPKUSDT,SPK,DeFi
LINKUSDT,LINK,Infrastructure
ADAUSDT,ADA,Layer-1
WLDUSDT,WLD,AI
TAOUSDT,TAO,AI
PROMUSDT,PROM,NFT
ZROUSDT,ZRO,Infrastructure
XPLUSDT,XPL,Layer-1
MORPHOUSDT,MORPHO,DeFi
ONDOUSDT,ONDO,DeFi
UAIUSDT,UAI,Alpha
ASTERUSDT,ASTER,DeFi
XLMUSDT,XLM,Layer-2
AVAXUSDT,AVAX,Layer-1
BCHUSDT,BCH,Payment
STXUSDT,STX,Infrastructure
PENDLEUSDT,PENDLE,DeFi
DASHUSDT,DASH,PoW
ETHFIUSDT,ETHFI,DeFi
PAXGUSDT,PAXG,RWA
LTCUSDT,LTC,Payment
